project,v1_date,v1_commit,v2_date,v2_commit
01org/parameter-framework,13-Apr-17,965b2af85fdfa5f7cf01e120c96ef7c9b806c70b,4-Sep-12,cec86c1904a45a7027218adb3d34c8764bdfcc38
0ad/0ad,3-Jul-17,8a4f77ca2ea5edbafb8041b72b691cc569fa9ee2,30-Dec-12,6b82de3bd74a59a401beaab6d7b3aaa57448c9ec
4ian/GD,27-Jun-17,f778f4302bc9d08c479060faeb4c386ffd41ca5c,18-Dec-12,f8258feacbca771656a69a34b5831421a13e8f8b
ALPSCore/ALPSCore,27-Jun-17,7969b6a9174f8ea6f07c4b35966d4769607112a8,28-Dec-12,bc6c9dc3dfda1f561d6b74b18654b64ff44a48ca
Andersbakken/rtags,28-Jun-17,005e5569366b519850f0ae5b78f618f4d67d8785,31-Dec-12,7d79b0e923ed1ad03161882337f43d3ad3497179
BearishSun/BansheeEngine,3-Jul-17,688a5709b1587ddaa67279e8e8f080cbef66480a,31-Dec-12,d64b1452e12777b80564c851b718d47bc3136f18
BenHanson/lexertl,2-Apr-17,3215fe45c1c49298abd59f9f215ddd05792f50b0,27-Dec-12,5bbc3e8519516d5c0db6c9c307ec5b5e7ddadd32
Bertram25/ValyriaTear,27-Jun-17,97fceb85691e90dd8788221bdb8b9132c24c6148,31-Dec-12,615d6f35b7f6b91263994da662a7c0645c362500
ChaiScript/ChaiScript,22-Feb-17,064a385a645c89c8b958b754f0d5e8399b9b6df9,30-Nov-12,e4f4b64cc8a8c0f8a78365b92bce2f3fea9a918a
DDVTECH/mistserver,16-May-17,c12e7897cf11f0feebb253d1c7971f5f98f2f939,27-Dec-12,d925bdfbe3355d8618076d65287b0dde085bae50
DGtal-team/DGtal,3-Jul-17,06bf04a64ace2cf4fceb8aae2a66ca27897848a2,30-Dec-12,ae1b730c5a40a8a6bf71eb8aa9f9c38ecaee3596
DLR-SC/tigl,3-Jul-17,4c477f23b3205e57f802add9b004d6d5ccee9f64,21-Dec-12,4352d67922928e4fa92d633aa456e95308b96cda
Deltafire/Milkytracker,7-May-17,56bf091a0e8c5242e160d37f2974f3e1e2525821,26-Nov-12,2ad1a8a32198c4be857bb5cc37b26e1ed6fe5387
DependableSystemsLab/LLFI,24-Jun-17,c982194e614840b4ec9e3af978447acfcdc81f31,21-Dec-12,9082544abcc32028dadf23c61080e7d73a09edd8
Eyescale/Collage,24-May-17,f320324f091b81c3ec5a26ed16ffc5c0fb49da29,27-Dec-12,ef1fb43f6dbca3e9bc3b4539ac14c85bcabd32d9
Eyescale/GLStats,24-May-17,f9bf19edf770b83e5a04062ab4dc240738217d80,27-Dec-12,ef1fb43f6dbca3e9bc3b4539ac14c85bcabd32d9
FortySevenEffects/arduino_midi_library,7-Jan-17,3a31a366e4f79dc858596b5378ac53f40690f1d9,7-Nov-12,2f828fe2bc580970265bdb0f10ebcc713cab5a33
FreeCAD/FreeCAD_sf_master,18-Mar-17,e3d55841065cc22b32eda7ff53a648698c748562,24-Aug-12,50652895d42bb8034995860b6f6711f388fb8d06
GNOME/glom,17-Jun-17,97cbbc3d35413427eaa194abb75131a92fa11943,25-Dec-12,2746afc13b8ec4ea01d8de2015f64b55482a4976
GadgetFactory/Papilio-Loader,6-Jan-17,b135e630db9b5b9668f352eedeb9d3e5e4ffd93b,13-Dec-12,5e7344e7b09b75c2e2a3527fb1af374200e5d678
GarageGames/Torque3D,7-Feb-17,8684cd1a65084e52f76131d74520c2fa9e1904a1,15-Dec-12,31036c40312b259e1fa0d939883ea90f0a55c268
GehnShard/Plasma,30-May-17,3fabf49045cd56e7b323a74b2e83d3c885d508ee,19-Dec-12,2caade5fff119af0772745fd36b731561b28729f
GollyGang/ready,14-Jun-17,f8bb1b0bc6a0b892e6909412de126a2f1d8f5e3a,16-Dec-12,5d8acc7fe479b51201cc98c0aa71ea956f2981e5
H-uru/Plasma,30-May-17,76f136261c9bc88b3cb6e9e70e63f54e64bcd416,19-Dec-12,2caade5fff119af0772745fd36b731561b28729f
Icinga/icinga2,16-Mar-17,94aeaa2e5cd01560a88639212bdea4679a456474,4-Dec-12,ea115a2c8cdec15ec121008091681b3b2b8b763a
martin-tornqvist/ia,8-Aug-17,8d58d5b4c56d144b36f76b974a36056049145027,22-Dec-12,0dfdfb4c45c70f2d626ba1ad37a687e4c67a8643
InsightSoftwareConsortium/ITK,3-Jul-17,07cb23f9866768b5f4ee48ebec8766b6e19efc69,29-Dec-12,5e1c4d81366dfff5dc1f66e40bd121d02b0488ee
Itseez/opencv,15-Mar-17,c1007c7276e889f5f284702515a60b6799df9cd7,24-Dec-12,19236b6e4316be27fe6da8f534d36c4c3ed8c85c
KDAB/GammaRay,15-Mar-17,3d5cdd5353645676a23aafd9b8b1917694da3d87,9-Dec-12,ba0d6299c3957c6d1d16b5b7e163f8ebf2620e1d
Kazade/kazmath,23-Feb-17,3b2de632783d5f566217094034a2a3366bf6efe6,9-Dec-12,541e8b7ba4c0d760b9b03c90bc97b375165f1a5f
KhronosGroup/OpenCOLLADA,8-Mar-17,5c548d2fc16ef35aa275eb207c111e27332f8b56,3-Oct-12,b2a151a1dd0f689a1915618a99a6be2a604f0095
KiCAD/kicad-source-mirror,3-Jul-17,2300697f0297ac64dd2ec3b38882bc670fbaef01,31-Dec-12,45b01a5c9cb30ad6dd9b4de3b653cd64de09c36f
Kitware/CMake,18-Mar-17,14f0378e103fd24915712cb94c98265ad18c8736,6-Oct-12,57f03e59ba92989aaf3600399f11ffb308cc663e
Kitware/VTK,18-Mar-17,e1d409a6895180117cb9574c4d0ca3d53e27d7e7,16-Aug-12,4dee0274b81679e89cb300c53f29df3d56fe1001
KitwareMedical/TubeTK,19-Jun-17,4950ed986022d5248561dacdee7c2b043c9e80ac,17-Dec-12,e5ca99b965fa175ab4f977b9194b78c302a446cf
KjellKod/g3log,4-Jun-17,f42611d2a1ddc33ba3c1f09796b94cad903254ce,19-Nov-12,1011af308a8fb4d9fa2742772bb40b077ed087b2
Kst-plot/kst,4-Jul-17,540a599a2e000ac8ef0c336daf5963e7464327be,23-Dec-12,f3efdbceccf5fbd42f81b07cc8af8caeb1489ad4
LK8000/LK8000,27-Jun-17,91dc81d94bf2adea18b34bfa2b2d8c97e1a94167,24-Aug-12,047751c8a545d98afdd3e35688c3e2975fbd221d
LaurentGomila/SFML,20-Feb-17,756cb09bc3caf7b543c495f9c40d3a48bdf31428,25-Nov-12,135c1716e877464db720265f37316cbb54ef13f2
LiberatorUSA/GUCEF,11-Jun-17,408b884adfb4ff62a5b7ec30798d704b91836d25,30-Dec-12,fca62be52b8a4e9127f82d147135f4e22bd163ab
ManaPlus/ManaPlus,28-Jun-17,4541175c81e5de39a3118729b7f5997d251b3d35,12-Dec-12,9426129bc51ef8b63ddd4b76999dee4a86ce4de7
MariaDB/server,9-Aug-17,86f9b7714791f45f386e9aaa6f469ada626cd69d,2-Jul-12,f3388d1bd2b6a6b8ccb52f88b9ccc1e7e49c1ce9
MediaArea/MediaInfoLib,26-Feb-17,ed4e03b2b86418195e78fa44fbee07ad10659db9,27-Jan-12,df81931b885d6adb9f0b1921c6741a7089d6dc49
MrAlex94/Waterfox,21-Jun-17,f60534e75859c8bf4cbc16cdbc63958795e6842b,6-Sep-12,0b1ddebe64d159bc76861fce3d5488f65fd02192
Mudlet/Mudlet,2-Jul-17,7a2ba8e0e41e1eae27ebae9faaedcc2b5747bf93,31-Dec-12,af8c0db98928457c00ded482aed79c85f5b09d91
MyGUI/mygui,16-Mar-17,d079917c3b8f448c3c4d06eb593272799a93d124,12-Nov-12,000ead3b959f8795b534f2ee17af021a107ab4d6
OHDSI/Cyclops,26-Jun-17,448ac67ef2f8e0b4447b8062e8100d8ca2e444fe,29-Dec-12,5295b1310c156e74c3b38976471e85b0b790386f
OPM/opm-autodiff,24-Feb-17,930f0ea9a09f0b3ea54fbf0b605c7da3a471ecad,26-Nov-12,b4d5e03c61469ac40cfedfc00a0dbe7b8e3376c5
OPM/opm-material,30-Jun-17,ff4f092a7ff03f16e128df1c6f1c8f6d1b6dbe8c,30-Dec-12,99dd0217678ea90b2b95ad5f75a6bd9e12665453
Open-Transactions/opentxs-notary,18-Feb-17,f75bc57330d8c9b9e6a05c966afc9398db0c375f,31-Dec-12,0b975048db408fa6310db94d08c11047d162fa7f
OpenChemistry/avogadrolibs,8-Jun-17,152ff82eb71581e9dac585db347f750508f52cc7,30-Dec-12,e0c8c9bed2ed11ee167499466c07a25337188697
OpenDungeons/OpenDungeons,20-Jan-17,7126446eac7ef2bdf6144cbe1d3fe22198b0c360,31-Dec-12,a6401087d33e623347760ab9d501aad17045e16e
OpenImageIO/oiio,18-Mar-17,777dc35b8ac1f18941bbc440da0cbe5e7b56669d,10-Oct-12,724ce644848e585901dc5e487330be3c706647f8
OpenMS/OpenMS,27-Jun-17,7a582b38741014c4f1d6847721fba0a2db1e40ef,30-Dec-12,d1f3c812e645fe34775bd102f3428468d5dc9aeb
OpenMW/openmw,18-Mar-17,4a1406c6382560c1265910a843dfe9be21a54485,30-Dec-12,a842fc2c11e30d189a41be930cf9db55eaddddfa
Opendigitalradio/ODR-DabMod,5-Jun-17,02aa4b6c14506b72eb2fe9d3f4e99b751e2e91c8,26-Sep-12,f2118c3b98b2e6cce2cb78ca41977a228a7e3b5f
PCSX2/pcsx2,7-Mar-17,ec7781f1f9d59e5db181aae07e48e94945ed1565,28-Dec-12,c20de38d4c3d42440e2572b370a73047100021bf
Patapom/GodComplex,27-Jun-17,57ae11823009ba62b7be65f43237428604bf9f26,30-Dec-12,3ab033dd356104a495a31f629736bd4ffe09307f
PixarAnimationStudios/OpenSubdiv,31-Jan-17,a00df9344c19e328c3d52270face2a4bc596550b,9-Sep-12,99b2881dbbbb5750c19c377470d3884dc1b04966
Project-OSRM/osrm-backend,17-Mar-17,af65ccd054f64d162bf44375a534ecf45a7b59aa,31-Dec-12,0235cf5d8e9e1d3d8b15513ffaf1bbe8da3fcad0
ProjectSkyfire/SkyFire.548,23-May-17,9be9bff0ad5dc9444a061bebd4e24b4bb0e16777,18-Aug-12,3bd3eb92203fb25127fa13cee70df0d26bd61921
ProjectSkyfire/SkyFire_5xx,23-May-17,9be9bff0ad5dc9444a061bebd4e24b4bb0e16777,18-Aug-12,3bd3eb92203fb25127fa13cee70df0d26bd61921
RainerKuemmerle/g2o,11-Jun-17,deafc01ee8315b9405351fb145238c5d62f82dc7,29-Dec-12,0878c2967bed6d43f02f7528f66df78008a31778
Reactive-Extensions/RxCpp,25-Feb-17,c808bb5b4536e35f25611db3c38fd9cda4a62c36,13-Dec-12,dcea1dbbcfc851025cd575d16214da102768a54e
ReadyTalk/avian,1-Mar-17,dee99d6dd60b743a870d1a2c58183649c8a6449c,31-Dec-12,e8f560895b155a85099879c9c2eac7009a0624d4
Revolutionary-Games/Thrive,20-Feb-17,0ab2fcf115af106da740c47b8a79a8187336bcdc,9-Nov-12,c09fb6badcdb0f7e66634d04692ab25b825b9280
RuntimeCompiledCPlusPlus/RuntimeCompiledCPlusPlus,19-Apr-17,6372acfb1ff1380342e090466d7f0829b3ebb085,13-Dec-12,7f91998aa36207241bcd8fa33c497a3999e4c2e1
Ryochan7/antimicro,29-Jan-17,81693777b4a51136fce097ea259a95466315c71f,30-Dec-12,dd901c1918ebf8ee422b75b7fea712e8ea26acd3
SINTEF-Geometry/GoTools,26-Jun-17,3d28295918f2dfe8df0b001754248d8ec4a7a50b,20-Dec-12,82831d8f253b143e16d55b9fd266d3169e21c6da
SOCI/soci,2-Mar-17,e719c44bb89949d3c179a6390de57ccd9046878b,17-Aug-12,5776805d9336584fc329bcb7c46c071d5c620733
STEllAR-GROUP/hpx,18-Mar-17,694ae57b429fcfe67fc04059b2504398e0457a73,27-Dec-12,60e6a3edf0939a4d7a1184b48408857b70636814
SafirSDK/safir_sdk_core,21-Jun-17,88c98c69f4fd4727e96e2610acb9b057683ee67a,20-Dec-12,14abfa3d8a252249e5558c62c55b044a5d4f1825
SimTk/openmm,28-Jun-17,feb79f770145bb12c99bbe058e29d077a381465d,22-Dec-12,94fd9e1d99b5edd10b8c4c717c4e2656a3e47d21
Slicer/Slicer,1-Jul-17,cdcfeb14564316be607c2c062ca4e418753d1c40,31-Dec-12,e980b3868daf005519894500f080a49572e7672e
Slicer/SlicerExecutionModel,15-Jun-17,1d3e9a226bd594f23733993c16c337ba60077bc5,5-Dec-12,d9d80d4d63177554af0d5111706567873c180310
SupSuper/OpenXcom,15-Mar-17,bcb0a0cd60f83576484977824c6522f4e3e8e86b,31-Dec-12,72f9b359e8aab5196483c4ccf37f7cb29fd1a088
SuperTux/supertux,3-Mar-17,0fb271c8711c141eb5b30314668c90d7d75fb7f1,25-Apr-12,a2537cd083b61bcc1349b6ef2e37be5cb62b99d2
SuperTuxTeam/supertux,3-Mar-17,0fb271c8711c141eb5b30314668c90d7d75fb7f1,25-Apr-12,a2537cd083b61bcc1349b6ef2e37be5cb62b99d2
SuperV1234/SSVOpenHexagon,25-May-17,434ea9f0f7b0570c9dac8daa2b8acc09d55b2fb3,21-Dec-12,bf640083d8b8a9bebf1869452341df323f705dab
TUM-I5/ASAGI,11-Apr-17,f633f96931ae00805f599078d5a1a6a830881554,4-Dec-12,1ab016970126505b30d516bb3f347f7782cc23a5
TigerVNC/tigervnc,17-Mar-17,53f520567202928f908b5f94f6d143e7067a8bdd,16-Dec-12,504d98fcaa0c9571e3fb011947fa1a1e1d263237
TrinityCore/TrinityCore,18-Mar-17,940c80e3e85aa4508f296c69cc8daf77c1b6e229,20-Dec-12,a7d1394c2e55ef99c9643338b073860a256c565f
Vatsinator/Vatsinator,10-Jun-17,f80c21059afb89e8baec154283d3e8f12c62db30,31-Dec-12,b1b13d5f5738ae6876e571ad3d4c24d844c8af7b
VcDevel/Vc,8-Jun-17,9e6ec672ba8d9c085213291d95be009ed5838493,10-Dec-12,f4e55e219b98e124ff285893db3b53718b2db8f6
VikingScientist/LRsplines,22-Feb-17,b8e8720484a806e8bfa308a2c4a8624fcc11cf37,30-Nov-12,d12804bcbba4b2701fe9ead98f4a2601d3803537
VoltDB/voltdb,18-Mar-17,0b1cc5903118d78134cd8025714d182d125d0efe,31-Dec-12,abc0b33b35d2dc52b4ba67dd966578fdc148ac1a
WCSim/WCSim,27-Apr-17,05950d9609f1519397991df89d88c03c2ee6235b,5-Dec-12,0a5e294f87cdc31bba70664847245219706b8e2c
Warzone2100/warzone2100,18-Mar-17,7401dfb37a0caf619d45bc21ac5123a9f4b45010,28-Oct-12,85ecd9a3937e7843d9eb4798572651f950bd7555
WebKit/webkit,5-Jul-17,92ab0cc5691f3d58365995d807b06528547814ce,31-Dec-12,50a30af9a2083f7f00c2e2580011c7340152097b
Z3Prover/z3,17-Mar-17,d58018841e8bca4a85bbd8972fccb5d6cca645a7,27-Dec-12,e2f6b10e3200bef881e0e3dcd2d84c8ab5570d37
Zeex/samp-plugin-jit,14-Jan-17,cc93e169de9c136ce0f8f02c4f721aa17569d630,28-Dec-12,38ab1abd4c8b0a4f0b101c13ffec71bc8939f29c
Zeex/samp-plugin-profiler,15-Jan-17,48042dfd560b07cc727887cf15da1a5245d4b725,27-Dec-12,9c5a55138736c4b7938e3fff835ccb44ce9cf6f3
Zeex/sampgdk,23-Jun-17,d8af5d8730504e07d541ab9bcd3663825915f047,31-Dec-12,dd878521dc81342205fc0bd72914ba096a21acea
actor-framework/actor-framework,10-Jan-17,9fb82f556760e1004e27fb4d303499b603a3fc19,21-Dec-12,373ccf36dfa0c9f6500d769c24791126c23772bf
airdcpp/airgit,4-Jul-17,e97b3316430f3188f2447b8bc60cfc0d9cf72266,31-Dec-12,5f7a0d5dbb8db174a944a14efbca1d3fd90a7620
akrzemi1/Optional,24-Mar-17,8456c3923776b33b4ae852734273fe934c3e4e61,22-Dec-12,e4d214984165d61c8d769cd91e45a2396db05f90
aldebaran/libqi-python,26-May-17,d474a5c2e590decb8aa3352bb77c10d0e6b30a0a,28-Nov-12,f93785c9202cce36f5acec304124331de7fedf46
alecthomas/entityx,21-Feb-17,de3fd13d72d82b507469a3ed8798d483df6bc5d1,27-Oct-12,59f62b5c0df10be433b9380777e4d5a649d03d95
alembic/alembic,30-May-17,048eb1201a37ed309909c1ac4e168968e1730b58,3-Dec-12,e0cdd80e5ff8468c6710f085d201f4c79c9acc74
android/platform_external_protobuf,26-Jun-17,7fca48d8ce97f7ba3ab8eea5c472f1ad3711762f,14-Dec-12,adeccdc18128424a6879bc45b60be90a2e0ca104
apache/thrift,27-Jun-17,5b4c6bfc627ddbd56d1e98d4b818bec8cd8a5efd,28-Dec-12,d996739bffab35b2b5cccc816609e8ad07f703ac
arangodb/arangodb,13-Jul-17,4e068d49b73c88350dcf37afcfe7c51c73a7e835,27-Dec-12,b48d039e3f64b5f376ff045ea19e64762b083809
aras-p/glsl-optimizer,29-May-17,21b98a985423eec771600d2db0fbf6d340106af9,12-Dec-12,000f4a33c0359ed6b3c11aafa5f0cba1d6d91fea
arx/ArxLibertatis,1-Jul-17,c5c4e4668edb402fd55dfeeb462fe4ae3d85b1d1,10-Dec-12,ab93d2f7874a7e37b7f1894af82cfc57a50792a7
awgn/cgrep,18-Apr-17,fb39544604841cb1dd067d9994a10f5312355378,26-Dec-12,b9ed5d5534d331be928b604ad4effbc3caf0a896
behdad/harfbuzz,21-Jun-17,ad52e044bcf733bcc6c0373bafcd78a8c0beb400,21-Dec-12,596740db04e7c1dadae0d8be6e401089fcaffc2d
biometrics/openbr,8-Jun-17,d0fcef6248cdca941ad29bf40adae7d5a27b158a,31-Dec-12,927b7781d935f4953351e0436717bc3d124040a3
bkaradzic/bgfx,2-Jul-17,1e0e2555dce63aa3708a803e0ebce7d348a62dd9,31-Dec-12,21e78cf7b03512fd15b59d9dffb6b3250bd377dd
bluecherrydvr/bluecherry-client,24-May-17,1085b7826ff1d42fa5ee55104d1241b9e2b8838e,25-Oct-12,b07ef0f9b4806e3dc39fea6cabaa7a7740b223c5
bolero-MURAKAMI/Sprout,1-Jun-17,59c5e7874c6b48b670fce5d42c5344f662f574c9,23-Dec-12,28697ee7a86130002e4697ef81afcaae5daf5986
boostorg/test,26-Jun-17,3d13638c412ac357f178e99a99bf44dfd756c057,13-Dec-12,954d3ab699ed474d9d2e95a8f81bbacf86865b26
brezerk/q4wine,29-May-17,edf81923f1f834c11876b4982e8548faacdbd2bf,1-Jan-12,3587effcab5329c4d1c00e860d0ca8a8404a3549
brndnmtthws/conky,11-Feb-17,a58a6d4e081ca6ab241f20fcae80a6b6c31bf1c9,23-Dec-12,0e1f4526b425401a4ef882b5b1f104384e1f3c15
bro/bro,27-Jun-17,b527a9870da02e053e08803083f271b6f5eb28c1,24-Dec-12,32a0ead698c467a9a89f5b58687db2f7e2812d3c
bro/pysubnettree,5-Jun-17,812f158ab98f3a46d50a0288fbd4d7692f9de651,12-Oct-12,7a266dc2fdede127f521a8572c2e1292a6b181f5
c42f/tinyformat,2-May-17,d563f7fbcdce8f72751d5455e44e995ed7ead949,19-Dec-12,08212e00d2b38bbbd50d0c7bbd5b9a97c92f1351
caetanosauer/zero,14-Feb-17,908e17159a00aa2621fa469d96f72ec433046054,21-Dec-12,762b474a1bc0d1bc330c5cb53e65ab0946418173
casadi/casadi,25-May-17,64b7712a548e929515ba68b271e60c42546742ef,10-Dec-12,018433fb500287c3811fa900e327808eab3750e2
ceph/ceph,1-Jul-17,98e00ab70b0994c7a3c62c07b158f8cd06043e71,26-Nov-12,ccdafa067afed74b209537ae45ff8b49bb5fab3b
cern-it-sdc-id/davix,11-May-17,32c5f3cf934500a570703c8f6bfc06ede10ed4b8,20-Dec-12,5defcba3608474780f4437cc802ca3b04968167f
chenshuo/muduo,23-May-17,44879bf25ff60187dcaa938a637d6ec50fd8531d,10-Dec-12,dd26871ca152c96b7a0d615a86cfdfc80facdfd1
christopho/solarus,3-Apr-17,cc30297016e6deb1fbcd0b49f07e6c2059645014,30-Dec-12,deab5a22d3786d58e6facdf88ab8e130aad75549
cinder/Cinder,1-Jul-17,9fd44e89a9cb50f191e3e197eaa47371f107b602,29-Dec-12,bc4974c248747a323f5bbeeaaa5297ffae82938e
cinemast/libjson-rpc-cpp,29-May-17,c2453c967b2059eeb77a387a0827c0cf87f816e0,31-Dec-12,546d7083118fea9531342becd030069804b39a43
clementine-player/Clementine,15-Mar-17,a034c2d4d0507e6f49b48482d2b993953de18cba,31-Dec-12,a752f704f6a4d000dde6c5114f8bcb84d0f6d9c0
clintbellanger/flare-engine,14-Mar-17,4fcdc4939a3544a5823b782dd90ae5b244a0eb10,31-Dec-12,4a06d78cc6395539e9aab5344dea47a8ec4a038a
cloudera/impala,13-May-17,0c71e366a5cf32ee53719507491d61eb9bc8b51a,19-Oct-12,27d94cc833f0068136ffcce4b7e483af7e1a0444
cmangos/mangos-classic,1-Jul-17,806a7883c5827925450f89e0d280f6c967357c50,22-Jul-12,343d5851ef8053d17c9d540f071744a86fd323d5
cmangos/mangos-wotlk,4-Jul-17,73cb0915ecfdd2694a0b7aa4bd9ba56e975638db,24-Jul-12,5c72a7f8302399a9c041acacf377c08d89d77a8e
cms-sw/cmssw,18-Mar-17,7e44ea5b89093b25a8eaa686ba0ec4485df837b6,31-Dec-12,9f6e8794244d97947c5d698bc5bcf78fb31c7692
cocaine/cocaine-core,4-Apr-17,6ac316113723ca3cd4d218f94b7e79cd3284e501,24-Dec-12,820338ade645b5d5648e8e4999e1103a2c3ed4d9
cocos2d/cocos2d-x,3-Jul-17,84ccbde8455f79e1939598cb2b277078db12816c,15-Dec-12,ef9de9286c5f538f09888ed64da568def7ebb7f0
codelibre-net/schroot,2-Jun-17,039d559fc8ae83e9f383f00ea17e0b7f84051a44,29-Oct-12,80c94fef9690476eab8dba52dd57010479594bc1
codership/mysql-wsrep,24-May-17,c70c68b76772a2f96723fb3c6332b7f1a6e11a4a,29-Dec-12,5b2818d1dae54d5f231a78c266269fe9622102ee
coin-or/CppAD,28-Jun-17,40e2ccaaca4760f72dca0867aaaad97270186c5d,31-Dec-12,3b47e8151c8a67e392c68629a81f7e0c3350dfe8
colobot/colobot,29-May-17,92a8140b778675a769440dc206b11b8012734bff,30-Dec-12,16d97f91212c1b1b4cd775ab9808afb66b648267
commontk/CTK,28-Jun-17,f96b5014aac1d76468f03a708446cd334a8aba84,12-Dec-12,05d881ad64025d8309d63a4179e9f0dd4d9d9f14
commontk/DCMTK,21-Apr-17,d8ed091cda2b815226eafe41f5b4fe3bd22f8d5d,26-Oct-12,b2b14d78cdafcca698b5ef1c0d102386052b9fc3
copasi/COPASI,16-May-17,4fd032e01f0db24d1fee7fe473b5f92b4583715e,5-Dec-12,c1ad752dfb3011874e2180949c719357f8aeb998
cppformat/cppformat,11-Mar-17,c03f55ec3a0511611fa7f0537f858544a0ed03bd,29-Dec-12,251e8774b010b0e21ac774bd3196aabcd2f3b2d2
cpputest/cpputest,2-Feb-17,16ee2828a7bbfff1f43c259e3e75655bc76e980f,28-Dec-12,a5118d9de0462489d4d07021cc42ebda5ecee868
csete/gqrx,16-Mar-17,4a66a03fcdd5ef1d929825d67793b0111c81e79a,31-Dec-12,5882c01acc0a40b7c8a3f7222e54f63d680bc44c
danmar/cppcheck,16-Mar-17,7c0aa4464c3d23fd499985fdc5fb4b24f54ff7bf,31-Dec-12,74171447844f6cbf5f3c3f9809d6e0e996db31e2
davisking/dlib,3-Jul-17,4ec04bd51ffdf12fbeb35977b6309338a1b9cc8f,22-Jan-12,482474c8f37ddd1ef0a31625fc6f554c7c739bef
ddemidov/vexcl,14-Mar-17,9da8cb44da3cce1b3f1542fb4615069a208470ee,30-Dec-12,6cf94a715c054e9214c59b51fa3861fd7eca5f9d
dermesser/libsocket,21-Mar-17,5bbe6858b61c58b20d1e28a35f3135fb707e1570,26-Oct-12,347b806db2caf3defde76004456b3be6493293dd
deskvox/deskvox,1-Jun-17,96e52235b5397d800f15971594327bdd3d7eacc0,6-Dec-12,ca9e3e07d8c6f09496d9e256c572e1927eef76b3
dorkster/flare-engine-next,25-Jun-17,def388a7eecbfb2ac750e6b20507d5272d723dfc,31-Dec-12,4a06d78cc6395539e9aab5344dea47a8ec4a038a
dune-project/dune-common,31-Mar-17,45c3f0ac13fd5db5ece0b6bec9e50d7407d0d660,26-Dec-12,7306493535f7ad54758f2ec1fd4326b03c20abbe
dune-project/dune-grid,31-Mar-17,3b6335a8721382bd4ce6c3e97162bd0a2fc25cab,31-Dec-12,decf7947ee48c0ab2b2058f3e805586feaeb706d
dune-project/dune-istl,19-Jan-17,77390949867707b63234557ae34583a0beda3898,24-Dec-12,bb000dc887d11f597d61b89198c9592406c9a856
dune-project/dune-localfunctions,13-Feb-17,a180253d3e16337313c8ebd7aec38855a08d1122,28-Dec-12,0f6f08d7454a2bc6a096fb8856432c180eabaf2b
edubart/otclient,13-May-17,8c731ac016d95407eed6c2767945a97fbdd4fa83,31-Dec-12,8cdab5c814403d875e05fb44876de5244ca928b9
elemental/Elemental,17-May-17,351bc9460dcc58be62e9b42902e49640a97c0b0e,31-Dec-12,54a2b092d048cbebc67bde1f8ccc094e5e191e83
esa/pagmo,11-May-17,60d8566e2e771975fc84712fb46866007f9b3400,6-Dec-12,ea8777a49c9e8e6bff2e7ae9b7a45d419f223490
etano/simpimc,3-Jan-17,943fb6e3ec399b1f7b9ea075a447806f4522a6fd,6-Feb-12,26b5ccebf67ed269df6cd9c75fbfb059360c3ef6
eteran/edb-debugger,23-Jun-17,c656659b881cf8693b3584b923a128dc3597b8fa,12-Dec-12,020ba5583eda7b845255818cbec73f57a36ced94
euroelessar/jreen,6-Jan-17,c04c229d2ead96db1af31e55c81d6ab00fb65a7b,26-Oct-12,98b7c0c8d7392064ff46a480f96c13a9c793c60e
euroelessar/qutim-translations,4-Feb-17,fd392e6c17bf2f83f8425b770a1484cb1aabe722,28-Dec-12,eb7bd02dfd4d30a06910a7e550beb7ed1e80553f
eutelescope/eutelescope,28-Jun-17,3b4bfe988991290d2e1a21f94259738b1528929c,10-Dec-12,6d1847164f491e2c084f09a8f2933fe4c20364eb
facebook/hhvm,17-Mar-17,b9fbabc988a159fb385688f17c0eb369534f0071,9-Aug-12,34ba5330d5bcbcae549444a59f08547ff890c786
facebook/mysql-5.6,20-Mar-17,037c4910b360633160d97cc002c60576dea85393,24-Sep-12,c90982aa2d1c99b5ac23d68e1ff54c7acd33f1b1
falkTX/los,22-Mar-17,6ad4052cfd0a552f387bb05028b51d9c6dde9610,11-Sep-12,42516b0f9659ca11e30e2f54e3d48ff4a9ba29ea
farbrausch/fr_public,9-Apr-17,8c8f82c2ae01133370e649bbc05916e7aceecadd,28-Dec-12,92ab4c95b3dfbe9238293fae6ef054cd74a787f3
fcitx/fcitx-qt5,18-May-17,22e210e3df692dfe81df3cc5f117e64e99002507,25-Oct-12,69bfd921be1f4f1f0d4af49786dc1a73b4bf546c
firebreath/FireBreath,10-Mar-17,6a0387e413a56939dce6b1fd6def17633b252ecd,19-Dec-12,a8ed832029a708b85ef85f252154cc19fa38be8f
flow123d/flow123d,26-Jun-17,ec113e1ad2b97642f2e1bad7c1aba615300d91da,21-Dec-12,99bda768cac32d7b5be9d3827f6766747ea9fc92
freeorion/freeorion,12-Jul-17,611758cf90e990070cafe728c61b689d399dd5f7,31-Dec-12,1a491cc2c64973884cf97ebd79705ea90781c8ee
freundlich/fcppt,2-Jul-17,652b63c63e241376f535a470874adbcbd4e7f623,27-Dec-12,1abf126308ee1f4ca2eef9ae124a65de23b61f08
freundlich/mizuiro,6-May-17,e1a77ff94cf11f5d2515424a923886cb62cb02dc,23-Dec-12,4f5fe1d02598404283d3783333cddda87dc7418e
freundlich/spacegameengine,17-Jun-17,fdd7d4863d1adfe578dffb296cc728549b8d5a95,31-Dec-12,2ee965f32cebf59ac495e8778be0d9976906e5ae
fuzzylite/fuzzylite,20-Apr-17,8bac66fc528f9a98984103b21c8ed17681069941,27-Dec-12,420f25d46721212d760515b9e3aa9afb2419d0b2
gabesoft/dotfiles,3-Jun-17,3d66688b443c162765d2eaa2743cf9279626bf73,31-Dec-12,c725dfdb904a5d11cb38fd26d478c4fea03d4b34
gemrb/gemrb,16-Jun-17,90cda6b99ac13abe63e3929245b8f034eddeb9b3,30-Dec-12,91bc7756682df3592935ccf9114f303d530ad162
gflags/gflags,2-Apr-17,4a694e87361d08eff5c4c9e9f551b1a0d41f7c40,20-Nov-12,f098a548228a5f7547d1d3a079fac42b89ed03f7
gnuradio/gnuradio,15-Mar-17,ac5109d25a9d94386429dd9e806268d29c8e2aac,6-Sep-12,6121d0b12bcb308586b5888b6c7e82832f692e5c
godlikepanos/anki-3d-engine,29-Jun-17,a676a1777c5154387dc644dbc8b4cb8894cd4987,21-Dec-12,793c83bcbb2812ac01281dfd11892f4d2b2f73d7
google/glog,7-Mar-17,da816ea70645e463aa04f9564544939fa327d5a7,22-Nov-12,96dac4fd0267b3a7c3331c8011f43d8381a966ca
googlei18n/libphonenumber,16-Mar-17,6c66d6b5c2a74fb28e3e713b1778e8da717fc799,13-Dec-12,fe98320cc9313d0e4b9a75bf5400557c3fec561e
gosu/gosu,19-Jun-17,58e2dcf59b64282b509b5590a1a5e8a0620614e6,9-Dec-12,ca1137a43ffe16294ba17307ebde3cca21346bc0
hanzz/libtransport,27-Jun-17,30b1ad6ce8edf5a3d908949e514ef466add59d52,29-Dec-12,86d0268f932dda6cd3e344ba4726ff699faddca3
herumi/cybozulib,2-May-17,09f0848bc1c8179894e7df1e363ad374bef8dfce,27-Dec-12,89bb1740534aa59c9c8d06d379c3b316e4e03f14
herumi/xbyak,25-May-17,675ebd5c3555264325dd09ced304c214aaf68783,4-Dec-12,583e3f50b07da2413a288861f670094c5883efcc
highfidelity/hifi,17-Mar-17,e1a0984fed4be37a8582972587222a38ecebc7f7,13-Dec-12,58f0ea0a65aa2b02bd513e7940142c6a606e3279
hluk/CopyQ,19-Mar-17,652ea527c37902566da9bcb152af3d1753426d4e,29-Dec-12,e2e4e0061d1d70d629e15e55cd03d2b2e9e626ee
hpcc-systems/HPCC-Platform,16-Mar-17,f2e903ffa48a4468f3718d516e240bd288719708,13-Nov-12,507acd6249a3a16856a92208e40b941757a174ed
hrydgard/ppsspp,18-Mar-17,23367925f1f5d8397e80f98c0642262958c540d1,23-Dec-12,7fa89777fcf1fc03ee91c4ddd4c05d36572a8f6d
htcondor/htcondor,27-Jun-17,8e1a4c4461c914accf98de0d4be73f65bca28526,17-Jul-12,c5556c76f8f373ad1018f41d62a3e1b327103f96
idiap/tracter,24-Apr-17,a49e8820711556387be8ce8b2c1d52643a36ddb2,19-Sep-12,1ad46c290f73afb92f45bfdfab8a64865bda886d
igfuw/libmpdataxx,27-Apr-17,134bc6ff298410c6a43715aaf34fd15e63f47142,31-Dec-12,b702cdfc6b31aef8f2f8449c15024acb56988c3c
imageworks/OpenColorIO,22-Jun-17,6b744f2b4543d16f77b3fe19ae05b67c56a13673,22-Dec-12,b7d58e7fbd0dea7924c6c73ab4fec8739b7ef63d
imageworks/OpenShadingLanguage,10-Mar-17,4f5999d5989f26f8acbf05a447e32cc9db4625cb,21-Dec-12,ac5ca94b9f2529c3be97ed11ce51efe044717d9c
include-what-you-use/include-what-you-use,3-Jul-17,8a9df4055cacb1fa1cac2a5da105b435f15c54dc,30-Dec-12,a55e849150546074fd253fc79d2caaf917ae0ad3
inexor-game/code,22-Jun-17,14b83ef69130a9b8b3ebb52c32ae9e889c6c9053,12-Jan-12,5d59d165f4f7d9e766e10d427bbe07166608ba0d
inspircd/inspircd,5-Mar-17,5583d8dc5ff202d411d7985b6bbfb240beeacddd,22-Jul-12,558eea33dc323518dba505a99ffbb19b8fbe1267
ipa320/cob_driver,11-May-17,fb19748221b94267048426a3dd241745808ac52a,13-Dec-12,976c5a74f721ba6418ff54254bc25939e452e176
ipa320/cob_manipulation,23-May-17,ae6efa0df1dd57f036552964b713f43d06b84993,7-Dec-12,971aca7bee454574d4314b49340ccd026eb6ef64
ipa320/cob_people_perception,23-Feb-17,7ff8c4dd1815167616ffcf32b298a6a2f28a1697,30-Dec-12,a88a3dc61842d895c74235cc2dd1b57315b45fbc
jackyf/cupt,17-Apr-17,f8047819807798789ca74c718090b52f2fd7194b,26-Dec-12,b556ec28f2ad1dbafeb5d316e437580c5cff5d72
jbeder/yaml-cpp,7-Mar-17,0fdb1b910c1a31db80b7521446166d06cad10813,28-Dec-12,c335c8dd753c2b5f456a42e6dc33da16b7203713
jjensen/luaplus51-all,6-Feb-17,9e80774d221137a3cf2ec350ae469064754b2d28,16-Jul-12,88402efbc1ca7b4ae2f78d3d14cac302c848c1f5
jktjkt/trojita,12-Jun-17,58690b61d1ee66b49b4be2b9c6b1460fc8278fa7,31-Dec-12,72b1931ae96fe0f7511ce4847a9082e5214680ba
jorisv/Tasks,26-Jun-17,c859d1aa0e160e0f9bb21dfb92da80d6bc073864,30-Dec-12,68b058dc8337443e9176df7fc8d077399330b3fb
jpd002/Play-,18-Mar-17,da6c31a6e263d92e7d42cf1f5b73745c8a53fa0d,30-Dec-12,9c2758e4f2fbc2dae6478591e9e9499400fd7943
jpd002/Play--CodeGen,12-Feb-17,cb51cd58d878500414d5d99b61310fa1d392bf42,27-Dec-12,68b9f30d2d67c61958d866a4c88a1745a03d8f9c
jpd002/Play--Framework,19-May-17,11851794109e81f0e7a45a457830a3c9bbceef53,24-Dec-12,84a02229fbd8a6888b430f75e5b34c1e2a7bb575
juj/MathGeoLib,20-Jun-17,07680b7cfcca72c3f852dd248eb26e4ca3e26530,30-Dec-12,ccacf486de5e9802d5ac5d8eb374ba3f286d1d74
julianstorer/JUCE,31-May-17,7e959494571629e4459528b5033130898327951a,31-Dec-12,7a3453f48b374a2a533acf365b2f474ca1c1af71
kimwalisch/primesieve,4-May-17,e5a2af02f9b219dfbe6013c44e2d5e1570ba15b1,30-Dec-12,6a70e84bbaad47110bef73320b0dfe026c7b7daf
koreader/crengine,8-Jun-17,d0854294e0a9259d9c160b5fe9c91a123a63528b,11-Dec-12,79ef67e1538ef431d6531a3aed5617946ed1d20f
kripken/ammo.js,14-Jun-17,1633e29f3e70caa3e3adb823b21e684766c24e50,20-Dec-12,2537db2735b001242651a22f44e98bf4e85a8b6a
ktossell/libuvc_ros,15-Jun-17,0f943d6b091f35c876a9b96f264945eac4a49741,24-Nov-12,de22b09001711925e106163dc11a95ed229411ed
kunigami/Blog-Examples,7-Jun-17,7959ba45b0c9ac8d16d0498a8a2a1a343d6e6a77,25-Sep-12,538a5d5b8dfb5329e0d02d7f4cf09f6e2faaa4f6
lalinsky/chromaprint,4-Mar-17,22daf0e01ce46145d916112094997c3003c298c8,21-Oct-12,33307a55f21f3bebbcb901ae525d4f383b0a0181
lballabio/QuantLib,29-Jun-17,e65dd7b6cbd54bc64f909259ab3311a8a5d006d6,27-Dec-12,06b528146bf769ea546b407c133bf3a5bfbf0173
ledger/ledger,28-Jan-17,e948a1adfea29a915adb50c60f15d6a4116ae399,16-Dec-12,63a14fd5e0aeb64a0508ddac71803acc926425c5
leethomason/tinyxml2,6-Mar-17,395ea09f83cfa34d848cea25b8a64d7ae3858ada,13-Dec-12,a6412ac2d547135795588c7d0d857151bac08d50
legnaleurc/junkcode,5-Jul-17,dd44b3fbe1a2deb2adfed42bafc5d949553134f8,24-Dec-12,5ea59680bada9aa55efe11ce9640dddcbc43024c
lemire/FastPFor,21-Jun-17,bae51c0f8f7c50c179e10a84d0a3e137bbc062d7,30-Nov-12,1d49175f5179673aa89723c9935a08d039a94c9b
libigl/libigl,17-Mar-17,7d8b6be28605f5264387ab0a822fb142e3004b9b,30-Dec-12,dbe3c44c3d64210e4f7e55326269d78629f10b4f
libpinyin/libpinyin,7-Mar-17,2919d7d4b9facf175d4da33418dfbb9945f4bb15,31-Dec-12,39e70310d49747ec1ec0890ccdfbf1a77c232338
libspatialindex/libspatialindex,20-Apr-17,4768bf3e9ce5ab80c639a6017f5c1e9d093ea515,28-Dec-12,9a5a2f4d83c3ec7be4dbf2c8a86341703d837185
libyui/libyui,18-Apr-17,4e5dfa950cfab5185b0695b0576f1d1af1c85117,5-Nov-12,0e4ca60d19fdd168ed5e6dda68fc6a76d79d0785
libyui/libyui-qt,16-Feb-17,de2ab9bb8ecf8f843aac326056dfee293ab671b9,17-Dec-12,69ec8583f54a01374c167e8613d97a839969b23c
lightspark/lightspark,7-Jan-17,308241eb55c5379765033e60f28dfdd956c7abcd,23-Dec-12,0b5d7a8dc38f52d2f2c9c06536b4484ace2f7ebb
litehtml/litehtml,7-Apr-17,d7cc6abfe1141770718404aaf9b17db80ed3f196,2-Dec-12,1d807556f070d4ed14976c2201ba317b682db121
llvm-mirror/clang,20-Mar-17,2bf2333d4a843364002d6c2956b2e611d026c7a3,31-Dec-12,6cc2a68c1ecb20054819a0b154ccfb7ff7498595
llvm-mirror/clang-tools-extra,5-Jul-17,9978ec5d4094a4e9cf90bb898ca0706c9a0944bc,27-Dec-12,c434bf1ef74f3216b6edc38d2e835ea9669f6b4d
llvm-mirror/libcxxabi,22-Jun-17,3d356fdcaba603a67f0855d9d88392efac51afe0,5-Dec-12,fc715856f64d44b5a4a1be0264653afb64da1a0e
llvm-mirror/llvm,8-Mar-17,f2856a5a16af9e4068f7f877cd580e5447d35e2b,31-Dec-12,dd9ccdb05036748513ec3c8c73e86ffa00a2e6cf
llvm-mirror/polly,5-Jul-17,34a3723e4b1f045d48a34cda7cc28de479709d0d,29-Dec-12,20f8c6281178947e81c7204a6b4f337060a427e5
loaden/qtcreator,26-Apr-17,5a35b39fb65441c838f975cdc16277ceb1224596,11-Dec-12,6e74944b4f5ca43dbb50fd67e29252c2284925ef
loot/loot,18-May-17,7cbd4acfa0dd92caec8369ee54000366028a2229,9-Nov-12,8c7a3da6b7f592939bb21690f2bf8fb72c286e0f
lotem/librime,19-Feb-17,7f41f6527ffedcfccc16f7e4b93a3048f33cf19e,27-Dec-12,de79f4aeb49f232413721c4a64a01c0baf31aaab
lxde/pcmanfm-qt,17-Jan-17,1d38bbd24b4b51f52bbf8a7f1e9237f0ccd37766,19-Aug-12,62990ca3954c0ab70d44d4381830b1d2d961c393
m-a-d-n-e-s-s/madness,26-Jun-17,2150d799a18759cd79adcbfda5e85a8e7e8238eb,11-Dec-12,327387c30e5fed42982f508d5f4cb306655d6866
mangosthree/server,3-Jul-17,3014c5b370139db835dba70e860841e322b17849,22-Dec-12,6e46949ad4afdfce6cef53327a6643ce88d8427c
marek629/SIR,24-Mar-17,49668de22b1954a3f97283f0068736fe8c483eee,19-Dec-12,ddc69f12256ec097c7d0ba14cfc465ff7a114cb3
martinrunge/muroa,14-May-17,d3a9d5078fac3f8baa48cd899ce7810c5cc0e4a3,24-Dec-12,e8250fc4716a420f9d09a763463c232d9241613c
mattgodbolt/seasocks,1-Jun-17,bc32e790376cb58fccb13d8a6499e60d729c172c,14-Nov-12,f5bb96d7593bf9f409f41b946b38820ad420237f
mavam/libbf,29-Jun-17,b6189bf6204d662294c9796f5f0e268251b5cebc,15-Oct-12,4eefff7097c7f8fcc2ac6a7bed627fbaf703af30
mavlink/qgroundcontrol,19-Mar-17,eeccb62f68c7a8fa30faa8eeee5755a5fcb6e781,30-Dec-12,699b36cea8c2e0b7979119d7104209679b756ec7
mempko/firestr,17-Jun-17,127c15179382ed9a032ffdda629750bb28f3aea0,22-Dec-12,727b20eb6c16a8ee5e438abd7cc8c4b2b28f26ad
meta-toolkit/meta,13-Mar-17,bfdb91019ca1c3ad998b10b244cc053ae3483fb2,8-Nov-12,67689ab144853c12a8524e595dd3b168bab3e078
mfontanini/libtins,31-Jan-17,7607610cf97bf2923ddd64bcb17a44128e036862,10-Dec-12,7a8601229200948f96cb68e371f15a914a1f8b7d
mickem/nscp,28-Jun-17,f7a2c746ac423095fc2d5105ff7ba98a2721b8bf,17-Dec-12,cdf579100eca517d73c4a846a9478f566fbbe615
miranda-ng/miranda-ng,5-Jul-17,64d0d2c5d3fcdcf0809fcc62ef80f569f7b6db87,31-Dec-12,d86463f8bec98d2456be02abbfe6c1c51cff095a
mit-nlp/MITIE,17-Feb-17,25918580ef46ae838a34c8b089291029f5d1cac1,22-Jan-12,482474c8f37ddd1ef0a31625fc6f554c7c739bef
mixxxdj/mixxx,12-Mar-17,3eb8844a5e5a789395cd0d72b45040c38521697d,12-Nov-12,03e2b3c0d696d2a6db50c70985307ea463d93886
mlpack/mlpack,18-Mar-17,36470e9f6d3bf8d2f5e9202675c46b528881e4c1,22-Dec-12,978d1be902220147c278b2ccab5eda3f02c68f7c
moses-smt/mgiza,17-Jan-17,d643960de98565d208114780ba8025799208afa7,23-Aug-12,991e235b0475779665be29e03f32e89211018529
moses-smt/mosesdecoder,14-Mar-17,7df9726788cc03a90a6ebaf04de1c1aea7ddc2f5,31-Dec-12,0784921314e1b233066ba5e79a4ffb3076556d03
mosra/corrade,20-Jun-17,29612cc341633fa26c4c74c55920cb21ed4dd0ed,18-Dec-12,57e987b80b404c42958a107dd0a72b16b923889e
mosra/magnum,9-Mar-17,1e8a5c927bf25d0a264b06922ceb0c37fc84d34b,23-Dec-12,9d260b72d8de4af483aed503aed23dacd560b0ba
mosra/magnum-examples,5-Feb-17,87c4b881e5c657dab4774834d0164886c2c23e30,22-Dec-12,95a82f1cb7013cce0d5fe8676d057d137ec5fc6e
mozart/mozart2,22-May-17,9826a5266af95d5e649c683f3233429304b89298,6-Dec-12,bb6045ddc6caa35bece05d3abc4a2fab97f45f83
mozilla/gecko-dev,18-Mar-17,c9f5cc6b4593d461e87a6221dc0286b3859fd515,6-Sep-12,0b1ddebe64d159bc76861fce3d5488f65fd02192
mrpt-ros-pkg/mrpt_navigation,27-May-17,e9f4d9864f4b0647c4d679ffc0d848df8e14c6a9,11-Apr-12,032e003d92d7443e552fcd51c35b12eff56e10be
mrtazz/restclient-cpp,4-Jan-17,2b0399fa8843837a86b82e57174bd104636bdee6,7-Mar-12,8564f429f9f1abb50fceaeaa2255c10b8a3d750c
ms705/firmament,19-Jun-17,091b99ba3a58aea5d0594e61291c10417bcdd234,29-Dec-12,c9bf76c7e7457914b02e60bc74c4599e700e54b6
msgpack/msgpack-c,16-Mar-17,99c4d37a399f5bb32234bfe2b18cbd826e8f77f6,20-Dec-12,85d65c59d2fa3cbbc44359c68c65631ed1e1d959
msoos/cryptominisat,16-Jun-17,71e49ac7de4d3c104defa24556f92fbb8dded517,30-Dec-12,d91e1046019d1bc083097f6b7ce22976ee87ece1
muflihun/easyloggingpp,12-Apr-17,4d4cb42848d19ed8de97f8ba2b71317210ca9246,20-Dec-12,c45e80d9a99bf2839fb444c57613116a6cfcd49b
musescore/MuseScore,8-Mar-17,b520dcaf3c88b06d2e418adbe187806c37a6aaf0,26-Nov-12,3a836d7fd60ffbc608679d3d7f4a2851f87e2273
n4ogw/so2sdr,31-May-17,53fdd6266e3fcdb300f3705889bc1a334e275b1d,29-Dec-12,fa5af08b73642848a674cdefa26caa1cfc4b93d3
niXman/yas,25-Apr-17,38e8c26eb8172ccc1007c59d47b97880249ae9e5,2-Nov-12,21cc5f96cd894035c3b86e4bebbee667db3b0c39
nickbruun/hayai,5-May-17,6959ca187e845f7fef1f0aa4704cbe695a8e2e45,16-Nov-12,75dafbd995fe6eee0830b3fccb8fbfba918108cd
ntustison/Utilities,23-Jun-17,12059da12afbac89a7c776ca91e5dfa68cc7fed6,25-Dec-12,6640a1c79d35928f0ed6fd189496d32fb2caf311
nubots/NUbots,30-Jun-17,45c7aa87cb36028aacbdaf1c90c609b65e1624a5,14-Dec-12,6782c92d278422d8b81f0ebfbdbc4fb1b9545043
nyanp/tiny-cnn,15-Mar-17,b89239c024a6f4d6e79f9f4108c30d483120691b,28-Dec-12,74976ae57692c65abf368f8a827651c1fab9c3dc
obfuscated/codeblocks_sf,2-Jul-17,c3f37c35c6253f6b037d8e899110a27eda134f3b,31-Dec-12,79307d0d2706ddda01398a4e55a9dbd227b271e9
oclint/oclint,17-Mar-17,f0ef866000c3a1846fa709501ca92a9a1d6af662,30-Dec-12,ca850f92598534c93e93d0952f1e8eba721ca86e
open-source-parsers/jsoncpp,9-Mar-17,264c3edca7aa4a924f30a44690269dbd6ab6cada,20-Dec-12,42321f24a6efd78ddf5d78514ab367891bd0e63b
openclonk/openclonk,26-Jun-17,3a2c68dcc98ba47ff38ffe9cc643ecf941efe7d3,24-Dec-12,64e258f8145aa4ca62d276949db5ef2548cde3ba
opencor/opencor,5-Jul-17,e50e092817e3d7b636f37d95fc4092ef1b02d095,30-Dec-12,a8175ce56db894d8119052a5e0000b6264bfbe6b
openexr/openexr,9-Jan-17,20d043d017d4b752356bb76946ffdffaa9c15c72,29-Aug-12,b2071c1da9cea7c9cfafa4be9bfa3b80f14696e7
opengm/opengm,23-Jun-17,3deaea58ba0cf9708c25cd03502e1cd9abec8875,20-Dec-12,921adec6a719c6108fbd961b3c123d32e2c0e253
openscad/openscad,16-Mar-17,714e14e4a6b8eb62677784de6213e1cde79a6554,30-Nov-12,40d9ffe6a4c26eef22a6804329c736e081447a0a
openscenegraph/osg,18-Mar-17,2cefcc8bfc1cb5636633ca120f471cc37761be94,20-Dec-12,521625b34301175c29a4473c6d49ee2d37d9e9a4
opentrack/opentrack,18-Mar-17,4fa2108094cb137ec7b2a6b44a9c13b554b4c1f9,31-Dec-12,4c95700fc6848d46a33b565df7eb81ada2b32987
orocos-toolchain/typelib,20-Jan-17,e220595fa4cce756ee2517d1536ec04dcd915baf,9-Jun-12,102aeef8a5064dbc9d7255b0c915ea880e45c6a7
orocos/orocos_kinematics_dynamics,20-Feb-17,d798f594552cb6f6223981b9c304d3db2b6a7d18,15-Mar-12,74c3b80fe6aedd0f0373894cda7fa596e079f9ce
osmcode/osmcoastline,4-May-17,2211b9b25416ef44e22fc8505c1870bb49b54b22,21-Sep-12,6b01f9df3d8be59a301d8be0605b357c36a43951
otherlab/geode,12-Apr-17,4267bd8d0c1a768ee0b6f57a40a551d8c0965178,23-Dec-12,e4aae96f7094867a3fdb13438f1f8b42678fd36b
paralect/robomongo,15-Mar-17,43bf28968bd6cc0e4c55c578605e9f2441ecaf26,31-Dec-12,7c83b71b8d58cc97181dac9152273a6fed035961
percona/percona-server,27-Jun-17,57c5564bb53bb9c46068b08846969383685ea60a,17-Apr-12,6711cd3609e612639f90f2422399be8c295d7399
peter-ch/MultiNEAT,12-Jan-17,09c3725b805d3c8ccc2c48ce0986e49b7b322c2e,25-Nov-12,05ec32fd3615c9ff67a4a45bb498376910d35d23
philsquared/Catch,17-Mar-17,6a009fabcb0686a0bee5a66211e72d98cfcc34f1,14-Dec-12,0d4609f5360d4902ad0844b0f5ce41a5b2035c32
pingus/pingus,10-Feb-17,06afdabb6b27c1314bb1d90a05d467697b72be58,30-Oct-12,3d855408096df04c13259906da1ef0389e35b003
pism/pism,16-Jun-17,be5cad889d4f3ebcfaf3b241ef911627fe71ed0c,31-Dec-12,2a565ae62799902749e7d96ec520ad47dd3fda45
project64/project64,1-Jul-17,e541998629c4df446b61fffcfb1d372c0ece1dcd,31-Dec-12,59b2e96062efd6469fa71cbc70681f91fb3197c9
projectchrono/chrono,27-Jun-17,d8aa291c96ba74eb3a43fdba2738c0967c70e439,30-Nov-12,9b5da7f03101cca052f7f345bc16b96ca3d5c6a5
psi-im/psi,6-Jul-17,3f10b9059d1befbc5f1093394f7d48d743107ddb,23-Sep-12,a1a7ab90cfeb0be342901a40d3a929b5822b4ef7
qterminal/qterminal,3-Jul-17,77a48f9b5c7bb77d2423fecbac70153cea40eb17,26-Nov-12,0ea4b227d151a98b86899743cc36636d9d404aa2
qtproject/qt-creator,3-Jul-17,72d2003082a34b20c50f0cf7803d975d69a49638,14-Oct-12,cc1c3e0b03c05b61ed6b653ca38caf8b957cd68c
qtproject/qt3d,30-Jun-17,d6bd48a947cbcae7da6c7cae00e5dddc954fa419,28-Nov-12,0158ce783a61bac3e4f4ff619b0601daf9174ce6
qtproject/qtbase,30-Jun-17,078f04254e1ab7e4e7cb4b7ff5f371ab22a020cc,7-Jul-12,615027129d3d5e12a6e2f5d02d2af8320cc58ea7
qtproject/qtdeclarative,30-Jun-17,441e0b41bf5b700cdaa3b0ba2393c487ed4b9de5,21-Dec-12,9aec6efd1f7e0c4922253163efc2e7ea7e751f0f
qtproject/qtmultimedia,12-Jun-17,5f56ec9c4f32ff06fb3daa30c0e961997d5fe964,13-Dec-12,13ecd7171b4876bcf5027f9b349781b6dd9be790
qtproject/qtpim,3-May-17,12b0bf8427863dd2db66cb65cdb05c04bce9218b,21-Dec-12,9352f4852fddfc65efc9cd796352bc7da6f8fc08
qtproject/qtsvg,12-Jun-17,af289aced943418128f84c753017d571ed1e4d4d,21-Dec-12,0151f7f2901b281e358a5ece436e2464b4b8d79c
qtproject/qtwayland,12-Jun-17,eebceec16b05439ded58abbbcb2420fe3dcb4c18,23-Nov-12,f9a961c84f08f66025533ac8dbf12b2906951cd3
quassel/quassel,15-Mar-17,2e8511846057783f507a70621c440a4a81f76c41,16-Aug-12,f13ee12590d103b3512ba74c0bef3b0817c4c947
rbei-etas/busmaster,16-Jun-17,ea27b6ea9da284a66bc4498b96b1005f069c4350,28-Dec-12,f6a76305ddeef2993d89a2c3438057c4d8f861c6
rcaelers/workrave,13-May-17,81329192d052fc89b06d6783cd46c791c8e0d0b9,5-Dec-12,015f437230176b1ca8bac889a71887ad066416d6
rheit/zdoom,11-Jun-17,7f408283cab3413a4dea1d48eceef24346f00928,22-Dec-12,b3ada01bbdf5a697471dbd1ed75086d8df4a347d
rime/librime,19-Feb-17,7f41f6527ffedcfccc16f7e4b93a3048f33cf19e,27-Dec-12,de79f4aeb49f232413721c4a64a01c0baf31aaab
ripple/rippled,16-Mar-17,0df1b09a731ba0feaa5d60046e1c7dd415f5f7ed,31-Dec-12,737d81e7b08136cd45595cf29e779ad337599c6b
robotology/icub-main,16-Jun-17,2fe40bcad13734ce6800839a0492c5bae99f3cb6,26-Dec-12,dea506cd173d49c4521bfd9e9b49ee73b5fcb5e5
rock-simulation/mars,29-Jun-17,fc04ab3bcfbdc15d70499d41f4214f54397d1feb,19-Dec-12,53af20d48da8ec120771d658c88f9082e7cdae45
root-mirror/root,5-Jul-17,5ba88aa3bf2e0ffe222968f9b6f029bf8f4ead57,14-Dec-12,3fded427dc9b40de636a679d1ba1384382c8e864
root-project/cling,4-Jul-17,071bf231b7d78fd4b31af04428730402b152577c,31-Dec-12,fcad3e9e4d8450bad67995c9c03a28a9c95e2f7d
ros-controls/ros_control,28-Jun-17,c09266a8b73a33f701fa568be609bc5c6adc6f48,26-Dec-12,4446be388041fdb9af7ddff58a4e6ef18e71c275
ros-drivers/velodyne,19-Apr-17,3747e937cfc1b2986c0b2e4983bdd0d7e8934079,2-Jun-12,b853819ddb6b6088c60f183cca45b1dec7135e04
ros-industrial/abb,9-May-17,40ad8ed3e47a33da439faf1ce737e865e9efb0e9,8-Dec-12,33137bd43f9c15eba57cadd5a8f93b72637f5883
ros/ros_comm,25-May-17,ac9f45f3caa5c551f4dfeb12dee68d34cd657471,29-Dec-12,903a105fcb59bca9fe24829b4bf98613c960b6a8
rpavlik/cmake-modules,6-Jan-17,08987b544e24e303291774b97595f1229e55839d,12-Dec-12,cac13f1c3225555cec9ae06a1ba47baa8c90442a
ryanmelt/qtbindings,1-Mar-17,943ff3e675491a34d24ac56ef2ee7b0cf3c32c55,1-Oct-12,711dfd22d9b5e592ae5f664bc8041114034c1e01
sailfish-sdk/sailfish-qtcreator,9-Jun-17,d605c3a8697356cfa73531fb97d805f373bcefbd,22-Nov-12,57be1169e57da10f2db181c02f2611d243786aa5
sakra/cotire,16-Jun-17,516d78476f6dda336181fc5514f72774e1e0a8e2,1-Nov-12,1c37a8651b5ef848fd3dc038052334f337b3a404
samstyle/Xpeccy,16-Feb-17,1d6f5bb7fe94a86e73464f9387105b1c171016b2,26-Dec-12,a2f767e4e2fe9c3dd930dea37f5b2e4aa4bbe31a
saschazelzer/CppMicroServices,1-Jun-17,3b81b03f7e438f8600d33d319f03747fc8d74cf2,5-Nov-12,5ff8dcb9e3903eed5fc9966b9a057cb4e9141af7
scross99/locic,28-May-17,b4a1f9e83eb875c8cc906967205ae7639aa63cf5,24-Dec-12,f5254b9d27c2351a8fd1caf0fa04ad52a319384a
scummvm/scummvm,18-Mar-17,2a76819b0fe1ccea9ba8093dc900490576dbe1fc,28-Jul-12,74c75e36cac3c8b93be94c41df72ad1ea1c295fa
sempuki/code,24-Jun-17,8bf8bea830d26da04364b56e314e73c8c40f03fc,31-Dec-12,8a944aad47fcf8462fd62cc4b8f94aedb51d471e
servo/rust-azure,16-Jun-17,ae83cb5f3e384e339f4e1557b8e3dbd5bfb96d6f,23-Dec-12,cbe1210a6e62df8775f9b56a2ee589384600466a
servo/rust-harfbuzz,12-Jun-17,540da5569a3a5d6f4b90c5669a4918c7841bf582,4-Dec-12,461dcedfb36240f3c82f1d193f8cb42c9528fe34
shogun-toolbox/shogun,23-Apr-17,e6f965d16e75c694e86c538ee853131da45632ec,31-Dec-12,9a3c75ecfab9fb1293a47dfdf300373865029d34
simbody/simbody,13-Mar-17,9f2123212dadcedcd680a8d8b3832d4fe40e1f8b,31-Dec-12,5784cdf7d60527e0fdaf8b74dc2be9ffdd0444e0
simongog/sdsl-lite,26-Feb-17,f9eccd705b789285540e45bb05c6d7e67c5c4973,28-Nov-12,748124b428dccfba6894fb2f2b8ae0df8744e9c2
simsong/tcpflow,31-May-17,aec26549c856b23fa970252523b1d907e0369638,30-Dec-12,e627b665e2e72ace9743b77a05a64a71d1801f8d
sirjuddington/SLADE,3-Jul-17,c4bfa47f7cbbf449d97a838b374756368fccd1a4,16-Oct-12,27641dd3ba4d3e03618ef884b4dcf2db88a9c41e
slowmoVideo/slowmoVideo,12-Mar-17,764fe6a5d6afc242ddd7326cbf7cfd46ce05019e,31-Dec-12,1042e5cfe4b9fc710833e948bfce4ff3399e8d7f
solodon4/Mach7,18-May-17,ec5496b8669eee78328df44468377d7457df0270,24-Sep-12,8f708993930769d12c7864ac7e034158a984d7cf
sourcey/libsourcey,3-Jul-17,92e358cc6e5fe0eb12f6a2b84f7d9b24b316d186,31-Dec-12,1a8f91e5360eab16d811b3e33bab5ffac8926b72
spinos/aphid,3-Jul-17,1deeb666635add6b6602cf23fb1b1ed41cb987ba,31-Dec-12,903eea66ecac765d51fae6ff004b141f33751414
spring/pr-downloader,2-May-17,0212ada35d3da25efce89bfc2de303a0e3e555fd,31-Dec-12,2242e6b6fb451b771c5042bdf38390f968f4eeeb
spring/spring,4-Jun-17,7e50d1d0d439522b92343a381cc89b73adb7edb7,15-Jan-12,d452822e36ac1712eba9d5957706c767fcc17868
stevenlovegrove/Pangolin,28-Jun-17,3d9098976991a706d681b283c27cc126b4be1b39,19-Dec-12,bd5bca0b12bd5ff866e4edfb4323ad3df2d199e7
strasdat/Sophus,18-May-17,ec78192f956f8db5c7aaad85aa67d7f56f5e2864,21-Dec-12,6e9c6f976f428a38abab187ef893512db3fbe17e
stuntrally/stuntrally,18-May-17,48fa0df77c3d7d6d17b47633f562cf3bfca3c436,31-Dec-12,d3c3f8756225e69408d148b30d069f48d65eaf4e
sunpinyin/sunpinyin,12-Apr-17,3319fc1ee60bb32ccf53deb9f8c90856c896ae1a,27-Dec-12,baf4da89ac04c3eb6ea3b8fb1a10f13bf23f3d87
supercollider/sc3-plugins,1-Jul-17,4913dafdbaaf9c3ac935aea6bb9e5f637d991b67,27-Nov-12,c164af363d6866b29697d54cf91858cc4769d176
supercollider/supercollider,16-Mar-17,0d32d9aa18a3b68142d58aa8d59f4a097e2cddcb,28-Nov-12,3a79e3873141cc3ccfc5e7065d9c5a0a87e1e4f2
supertuxkart/stk-code,29-Jun-17,f13f69851fd8cfeb34843f768488e321d66394b7,29-Dec-12,be5f3e47e94520f7e48034aa20957e7881aea36f
svalinn/DAGMC,27-Jun-17,05fbb03a34eba1e5256e21d7ae5bec204513a7e0,17-Dec-12,adf0986df6c8177fbf4d0f7d0faf801acf4533c0
symengine/symengine,30-Jun-17,3e87d58a9404535fbc2bb8d09357faf4ab8eb5a1,21-Jul-12,ecf1914df4a94fd0a56013238f5b6f5a7da4060f
syndicodefront/infekt,29-Jan-17,d99d3c51137af1341024d089dcd89d91c524b2a1,18-Oct-12,f0b561991b6a86ff16c79260da00930023d51fe1
syoyo/tinyobjloader,23-Feb-17,9d9e987c4776d9df54e0ab65639e1befddb1d5ae,10-Nov-12,3ae1bea017e50a3ff6c451ab34a043dd820df554
taglib/taglib,13-Jun-17,46483948413c1330c036240ed89429a1c6905843,7-Jul-12,9ad5bb1d62082396c3cec908508f0df11eb86c8e
tesseract-ocr/tesseract,14-Mar-17,7c27088b6498efbfe570c02485472bf60b6bed1d,27-Dec-12,5947f3da389444fce6ef3896737b746b194de5f2
texus/TGUI,12-Jun-17,9e52329250317940daf636987b0985ada97f1de4,13-Sep-12,c9cbf86187ba425f121f6d22920031be06c309d5
thesamet/rpcz,25-Mar-17,f01f97d09bb4fd1253903bc2db3e3e9b7ebc4260,9-Dec-12,9149545fb0be2615b751fc0d2bd15b3c80445d7e
thestk/rtaudio,9-Jun-17,e880888795c07fea44a5e6c7570bf09677527f37,10-Dec-12,bee81ff356bbec279facb50dab5e6069c6475fcc
thewtex/tmux-mem-cpu-load,22-Apr-17,75b9ea756e60aadf335fd5514b38e4fe4cfcab6e,25-Nov-12,c40ab82bfaf4671ff8ba42aa7e3816833dc871b4
thliebig/AppCSXCAD,18-Feb-17,d5f3d8fb77f9640cad27425a2020af4393a92905,14-Dec-12,9fbbe1fd30ba3e71e746917e9d7390f6e304d6a6
thliebig/CSXCAD,5-Jul-17,21a0ea13bf7887f00d6841cea420e3c929a277da,14-Dec-12,e33bfcf298d52b1daa83f59f89a4a1b967fbd704
tijuca/icedove,10-Jan-17,733f0f38a531d4880b88e5db89edf2f0f27e8aec,13-Dec-12,daeee4721eb691d145cc508eaef536cdb71c2963
tklab-tud/umundo,6-Jan-17,31da28e24c6c935370099745311dd78c80763bd8,20-Dec-12,be722e4174a3f615d81cef2d8236e0fb4e48a255
tomahawk-player/tomahawk,30-Jan-17,97a407f83701ee2343e4826043c311c03fe5675b,26-Sep-12,f7d430d77c2fb565c6b456a80e789d4c58948bca
tomahawk-player/tomahawk-resolvers,26-Jun-17,1df31f4e98d965994a9252307961cacb20f15f81,31-Dec-12,d68b45361aa0dd7fe9801fe247912af32dcf8e1a
tpaviot/oce,10-May-17,fe6df95e7cbc8e32162ad22c27fe5e152f519281,5-Dec-12,b9e44d7adab98d529cf57f6cf0f176523bda209d
treefrogframework/treefrog-framework,13-Mar-17,12846b48d228b945a0ae8b93e8b75ee11a336172,27-Dec-12,25920f57e176917d1e95c2292b0137a259ff5523
triAGENS/ArangoDB,13-Mar-17,9b22174c66d1c805c0c6baac4397ca9933ee0c18,27-Dec-12,b48d039e3f64b5f376ff045ea19e64762b083809
tstack/lnav,15-Mar-17,81e55b82dcc1cf802f00620684e9fc4ff34c0a56,28-Nov-12,a476e277010c10e215380604761ef714e925f957
tudelft-gist/val3dity,25-Apr-17,1a70daf2e8d244fb4eb649df745378c5388313aa,3-Dec-12,a96e4e1ea317380fd3d47e90c194fc2e8379706b
tudelft3d/val3dity,25-Apr-17,1a70daf2e8d244fb4eb649df745378c5388313aa,3-Dec-12,a96e4e1ea317380fd3d47e90c194fc2e8379706b
tumi8/vermont,15-Jun-17,b70d4f2e6d56315db3a56f42d1dbcc1c584a33e5,23-Oct-12,c2f170a89ae9dd909b6d38cef52a5c565f1c7ffa
uart/gem5-mirror,13-Jun-17,2beb74355697034720562e5d4b6d16c12510eb4a,25-Oct-12,64599080697a8db49b7e28609927bb4c1ed3c05e
ukoethe/vigra,28-Jun-17,fb427440da8c42f96e14ebb60f7f22bdf0b7b1b2,26-Oct-12,fc3052c13a776c9d9dd4f9cc1561a919c1a709e3
uos/sick_tim,7-Jan-17,5c9346a4243a6e43ad004847c80a9fb36574e9ab,8-Nov-12,8fa6a0b1d3edf92cdf69de482a75661c3d17b50b
user-none/Sigil,15-Mar-17,3743ee959f93af779d0b0e1f5d439fc103f22536,31-Dec-12,7e27e702fac3c6b62e2516d66507f2c620e6186f
vcmi/vcmi,25-May-17,f370cdf1c79c912b6716a4c7adc694f625abcf1b,30-Dec-12,2848fb6fef18ea869eb0584627747475f200f309
vgough/encfs,16-Mar-17,a17f7366c2cb14b52ff0a0c7bfd77839bb9abc67,22-Oct-12,75837b902cc851563e03e5d414317591722b96da
vgvassilev/cling,19-Feb-17,f1def4fefd5f4c380e86f0309d5849f47ba6c2fc,31-Dec-12,fcad3e9e4d8450bad67995c9c03a28a9c95e2f7d
vinipsmaker/tufao,16-Apr-17,0b1ca859b60c6a9e77326a7478f2cf8364f2cfc1,23-Dec-12,09cbe4e23e793684bd382e56c11ac9cdae5611d0
visualfc/liteide,3-Mar-17,dbc6f784496d07f0e79f2433fbb12865951f2bbe,31-Dec-12,0af199b50f781feb56e5f20b9264934e1d01d2c0
vle-forge/vle,29-Jun-17,57a35a36d045344b2e7dfdfffc7018bef49e685f,21-Dec-12,ec93904be3cd7bbd0de7b14f2f89c66cbfc8f285
vogel/kadu,17-May-17,1ac3dfa68c2cc0b59588c3ae942ce33d74249d06,6-Dec-12,32baf847770d514ba4f2533a2a2c25495e69b72a
vrsys/avango,17-May-17,a58ad0c4573e65c1cb12d43fb4d63f6b53b0bc6c,29-Nov-12,80f64527450b55463106a877fe58d20ace0e4fa9
vslavik/poedit,16-Mar-17,8b4622f6a8cd16cbf006e08d3232c83d741411e0,8-Sep-12,37785223d0388f5e534e0542c5b98d55dc9ab4b4
vslavik/winsparkle,14-Mar-17,be535630ada82537a3f1e7e15371503c28ce169b,20-Nov-12,ad3533093dab3de74cb2bd1d92a35715851cafa8
wang-bin/QtAV,18-Mar-17,f8c4dd236f2b147ce199bb6534871631d8a1fdcb,24-Dec-12,53ab38af683ea8a0c12dfb10459070dc1d07ff86
wdas/ptex,13-Feb-17,59eac370e52af48a3f4dab77a60f91523c3e70ac,29-Feb-12,2e6efe54c8cdbb39d719bddc10d80cefc2d0ada6
webmproject/webm-tools,27-Jan-17,538dc2d55ea10d5507e1eb353b463bfc34f34b07,4-Dec-12,aae6ecdbf47c746adc48d03fe809eeadac43c58f
wesnoth/wesnoth,2-Jul-17,d4775ccba2bbb275261e611b5204dddf636b1a1a,27-Nov-12,845c260505163b12059737062a6b12fa032eb6cb
wjwwood/serial,20-Jan-17,827c4a784dd4fdd35dc391f37ef152eab7c9c9b2,14-Dec-12,63baf1cad86b375d23f56db1d16800e23f3708b1
wnd-charm/wnd-charm,10-May-17,de989472adde7e188892facf25f61f57aa7fa0f6,30-Dec-12,21ae9dd934c3f75c7bb75b13bb2b0419d00b3a10
worldforge/ember,12-Feb-17,8634d7e3b3bb34cfd738ee1095b3771ee3df80e6,23-Dec-12,4251304c8ebf078fdce5c8d19d1fa9bbc957afa2
worldforge/libwfut,10-Mar-17,d73ed08a4fead7e2700ea7ad8d206e122f1b8175,20-Nov-12,bf5f00dd94ca870cea8218cfee08e7e3b88d8f33
wxWidgets/wxWidgets,18-Mar-17,c4f6cf21dc108e347606767f3f317ddcceae1426,31-Dec-12,103df4a1b0590aee2a52482f2ff0d460745bf2ef
xbmc/kodi-platform,6-Mar-17,36fb49371dbce49bf470a5bb1fc51b74b4a3612d,27-Dec-12,5ed8e21e16906f05faf857397d67dbd47a8fc7a5
xoreos/xoreos,4-Mar-17,da7b6415cbeb99742dc0626db1b8132a50bda056,29-Dec-12,87af046f4ae659e3bb825b9d365d89bcd412976f
xournalpp/xournalpp,7-May-17,3a86f9f86b623c1e3bd53ecd2d8f2ffa27a3ce72,27-Jan-12,d30387bcd0eeb5a256f5e5755e82502b19f85f00
xrootd/xrootd,5-Jul-17,4186e12334eb32f881edfade705c904b2343c863,18-Sep-12,875657256a1455b0552b5bec6649d35e98b76254
zeromq/libzmq,17-Mar-17,4cc32d336746a7e8f052df99ac715b7b91f480bf,23-Dec-12,b0f0d3fcb49de6f1ebb9227ae664b9f426ece290
zeromq/zeromq4-1,7-Apr-17,44c56a8e09cab35c629cb028a9a7ddb79cac5fc7,23-Dec-12,b0f0d3fcb49de6f1ebb9227ae664b9f426ece290
zeux/pugixml,6-Mar-17,640c94f90d8e8d20079382e50c458b14dc1047c9,8-Dec-12,2e4f6c54a879a625e57cf6a679e2fa7bd3810730
znc/znc,3-Mar-17,879c813d583aaa50ab6f19994b341a0cb945b234,16-Nov-12,53c579b296eb63afad6861a7bfbb488537831193
zrax/pycdc,11-Apr-17,7c328f0ee86ccc1ed662bf77c7a4ee105879410b,27-Jun-12,209970f668d4ecc32217fe74bbe92235d81fbd4b