project,from, to,age,number_of_commits,number_of_releases, new_version,new_number_of_source_files,new_number_of_header_files,new_loc,old_version,old_number_of_source_files,old_number_of_header_files,old_loc
 ALPSCore/ALPSCore, 6-May-2003, 27-Jun-2017,172,3961,16, 7969b6a9174f8ea6f07c4b35966d4769607112a8,219,150,123231, d9b0adf670321d3a2dc232eb75ef766d5fcf030c,119,480,136772
 Andersbakken/rtags, 18-Jul-2011, 28-Jun-2017,72,7023,15, 005e5569366b519850f0ae5b78f618f4d67d8785,110,154,52520, b5bb19291a8e3331d2f5ee0c1a77fc5922e21607,100,184,44622
 BenHanson/lexertl, 8-Aug-2012, 2-Apr-2017,56,120,1, 3215fe45c1c49298abd59f9f215ddd05792f50b0,16,51,41478, 3e4d2381c3acf712a6130f96ae4fc29217548c97,13,49,40363
 Bertram25/ValyriaTear, 16-Feb-2012, 27-Jun-2017,65,3483,9, 97fceb85691e90dd8788221bdb8b9132c24c6148,132,362,191391, 99cc26a8c76d05d9bdc82fe9213e5fd39050d218,162,174,105371
 ChaiScript/ChaiScript, 25-May-2009, 22-Feb-2017,94,1994,60, 064a385a645c89c8b958b754f0d5e8399b9b6df9,23,52,33207, e4f4b64cc8a8c0f8a78365b92bce2f3fea9a918a,42,35,16740
 DGtal-team/DGtal, 3-Mar-2010, 3-Jul-2017,89,9092,10, 06bf04a64ace2cf4fceb8aae2a66ca27897848a2,427,487,276919, 1f1b116dc03f2fd68a7cc665d7c0b6fdb1ad37ef,226,291,143099
 Deltafire/Milkytracker, 5-Jan-2008, 7-May-2017,113,537,4, 56bf091a0e8c5242e160d37f2974f3e1e2525821,303,341,264730, dda125b03eabc7371965030edd62c3201fe79f2b,303,342,264513
 Eyescale/Collage, 3-Jun-2005, 24-May-2017,145,9313,16, f320324f091b81c3ec5a26ed16ffc5c0fb49da29,93,93,43879, 919ca72b1d74171c1759d3c46b427f0f7c6732d9,90,97,46780
 FreeCAD/FreeCAD_sf_master, 10-Oct-2011, 18-Mar-2017,66,10574,5, e3d55841065cc22b32eda7ff53a648698c748562,1741,1505,940987, 0ec1c40d255bee91c0a745457a4528b612f1fe10,1399,1178,695939
 GarageGames/Torque3D, 18-Sep-2012, 7-Feb-2017,53,2849,21, 8684cd1a65084e52f76131d74520c2fa9e1904a1,1527,2242,1273127, cd686a23b3b39c18552c933f76bc6587fc5ce2f3,1493,2199,1241834
 GehnShard/Plasma, 12-Mar-2011, 30-May-2017,75,2084,26, 3fabf49045cd56e7b323a74b2e83d3c885d508ee,1059,1195,689861, d382da0fe7823fe8c61949365c757a5bddd8182b,1122,1287,688934
 GollyGang/ready, 3-Sep-2010, 27-Jun-2012,22,1440,11, f8bb1b0bc6a0b892e6909412de126a2f1d8f5e3a,35,37,24077, 6800b29d331505a8c94897a1565760dcc50c62ca,65,51,54891
 H-uru/Plasma, 12-Mar-2011, 30-May-2017,75,2011,2, 76f136261c9bc88b3cb6e9e70e63f54e64bcd416,1059,1195,689894, d382da0fe7823fe8c61949365c757a5bddd8182b,1122,1287,688934
 InsightSoftwareConsortium/ITK, 24-Jan-2000, 3-Jul-2017,212,47243,110, 07cb23f9866768b5f4ee48ebec8766b6e19efc69,63,3342,1304401, 35e3315e0248df1fa93ba4b0c90f4a49162d8abe,33,3156,1098383
 Itseez/opencv, 11-May-2010, 15-Mar-2017,83,21115,51, c1007c7276e889f5f284702515a60b6799df9cd7,1167,908,935239, fd31234122a73e5585bccd9ca83cb2401967113f,754,428,579572
 KDAB/GammaRay, 18-Jul-2010, 15-Mar-2017,81,5462,29, 3d5cdd5353645676a23aafd9b8b1917694da3d87,520,477,121376, c9e4c20d9615e817eb1f3faaa6971a0fdc665c4e,143,149,32024
 Kazade/kazmath, 14-Aug-2008, 23-Feb-2017,103,355,0, 3b2de632783d5f566217094034a2a3366bf6efe6,7,40,25264, e25d39df2f289a3d06fc3e2318cf61bdedf23b71,11,26,23237
 KhronosGroup/OpenCOLLADA, 2-Jul-2008, 8-Mar-2017,105,1806,56, 5c548d2fc16ef35aa275eb207c111e27332f8b56,449,1352,877351, 428019272e7af8608b9c3e05f9ae1c30187b5325,414,1317,855545
 KiCAD/kicad-source-mirror, 6-May-2007, 3-Jul-2017,123,13948,16, 2300697f0297ac64dd2ec3b38882bc670fbaef01,1559,919,761474, 474128a4452a9868e3e906fde219d665a795a530,1016,2902,792372
 Kitware/CMake, 29-Aug-2000, 18-Mar-2017,201,35380,91, 14f0378e103fd24915712cb94c98265ad18c8736,430,1045,319462, 81cdab5beaffc7665550710b84006a0a7ce76cfa,60,592,239161
 Kitware/VTK, 5-Jan-1994, 18-Mar-2017,282,63307,59, e1d409a6895180117cb9574c4d0ca3d53e27d7e7,150,3760,2674499, b0ff5a4ce706dd2a39acdaa8132dab3f4ca99219,150,3718,2644209
 KitwareMedical/TubeTK, 21-Jan-2010, 19-Jun-2017,90,5677,0, 4950ed986022d5248561dacdee7c2b043c9e80ac,2,211,83826, 357f8c8a053dfc5c1b06607d53d6b43d5d8b35d6,1,69,39959
 LaurentGomila/SFML, 28-Jan-2009, 20-Feb-2017,98,2070,12, 756cb09bc3caf7b543c495f9c40d3a48bdf31428,146,269,111501, 2de690f02db4114ff41142c152ed94a944aee265,107,172,110702
 LiberatorUSA/GUCEF, 1-Dec-2007, 11-Jun-2017,115,1121,0, 408b884adfb4ff62a5b7ec30798d704b91836d25,3726,6179,2911267, 6f8c0d256bb7bf729c9ab3c0806d3ffca1831287,1374,2160,711123
 ManaPlus/ManaPlus, 2-Jan-2011, 28-Jun-2017,78,11295,205, 4541175c81e5de39a3118729b7f5997d251b3d35,706,1101,339148, c01aec243610016c2cd5e4211fee484627bc69ea,357,409,175382
 Mudlet/Mudlet, 24-Jan-2009, 2-Jul-2017,102,2977,12, 7a2ba8e0e41e1eae27ebae9faaedcc2b5747bf93,95,116,95677, 9cfbadc3ead1b303dd140e5734a64033bef778cc,176,170,97463
 MyGUI/mygui, 7-Mar-2008, 16-Mar-2017,109,8339,6, d079917c3b8f448c3c4d06eb593272799a93d124,472,740,218288, 027f13b57a03ec258b50ba066e4b73deebd25f0d,383,642,156096
 OPM/opm-simulators, 11-Jun-2009, 24-Feb-2017,93,4782,25, 930f0ea9a09f0b3ea54fbf0b605c7da3a471ecad,80,129,66301, bf18ee7fb9a544c1134c931e1b77f08c79a24ce8,75,121,63591
 OPM/opm-material, 7-Jul-2012, 30-Jun-2017,60,1617,22, ff4f092a7ff03f16e128df1c6f1c8f6d1b6dbe8c,17,162,57958, eaf85622abbeb4934d222c021c5170ea4bd8a885,17,145,50160
 OpenImageIO/oiio, 21-Apr-2008, 18-Mar-2017,108,4534,238, 777dc35b8ac1f18941bbc440da0cbe5e7b56669d,184,107,165624, cb5a00eb21c9dc7e7aa36111c74988c07e555480,173,116,130240
 PCSX2/pcsx2, 6-Nov-2008, 7-Mar-2017,101,10487,9, ec7781f1f9d59e5db181aae07e48e94945ed1565,1258,1885,1219013, 9e1717fee542ee1641a6e719bafc403437475d2c,1065,1621,1025499
 PixarAnimationStudios/OpenSubdiv, 23-Apr-2012, 31-Jan-2017,58,2313,43, a00df9344c19e328c3d52270face2a4bc596550b,114,232,132629, cbb02fd3ce32c11251f02d678eddc0a8d178583b,118,211,105486
 Project-OSRM/osrm-backend, 9-Jul-2010, 17-Mar-2017,81,8545,97, af65ccd054f64d162bf44375a534ecf45a7b59aa,312,516,164857, 0df81c49d5bedc106c2ce980d49cdf9386ea9a84,40,116,28088
 RainerKuemmerle/g2o, 12-Jan-2012, 11-Jun-2017,65,846,2, deafc01ee8315b9405351fb145238c5d62f82dc7,230,273,76538, 8dec86fc74050a2d77c3fad0a010aa5c3a6a1010,170,208,52791
 Reactive-Extensions/RxCpp, 5-Nov-2012, 25-Feb-2017,52,870,5, c808bb5b4536e35f25611db3c38fd9cda4a62c36,191,219,89912, 0b3e8b7b47a11d03cf66ce8de57bf1da9108ce3b,149,200,74050
 ReadyTalk/avian, 21-May-2007, 1-Mar-2017,119,4762,19, dee99d6dd60b743a870d1a2c58183649c8a6449c,88,91,85816, 4bacddb20ab0ecd099e3c2f3e010a69f978a9aff,88,91,84634
 Ryochan7/antimicro, 30-Dec-2012, 29-Jan-2017,49,1570,47, 81693777b4a51136fce097ea259a95466315c71f,118,119,62681, 198f8896e987cd6f6b7fa08c1f3803eebff2037e,99,99,46959
 SOCI/soci, 26-Oct-2004, 2-Mar-2017,150,2207,17, e719c44bb89949d3c179a6390de57ccd9046878b,111,72,53613, 1e4b3654814edec463c2a71f3d7ae009320749a7,112,66,48076
 STEllAR-GROUP/hpx, 24-Mar-2008, 18-Mar-2017,109,19037,29, 694ae57b429fcfe67fc04059b2504398e0457a73,979,1293,422061, 3a14ec85644e3798eeb3dfe11be1ddcdda45d407,472,700,201176
 SafirSDK/safir_sdk_core, 30-Mar-2009, 21-Jun-2017,100,5385,76, 88c98c69f4fd4727e96e2610acb9b057683ee67a,409,529,201959, 8a789efdc8ffb97fa7a79ed286027a34d4039e63,378,423,166731
 SimTk/openmm, 15-Apr-2008, 28-Jun-2017,112,5664,17, feb79f770145bb12c99bbe058e29d077a381465d,554,457,310494, c77af6e9bc8e1419f3bba7bd9ef4b213a1d22d44,462,392,241296
 Slicer/SlicerExecutionModel, 28-Mar-2010, 15-Jun-2017,87,277,0, 1d3e9a226bd594f23733993c16c337ba60077bc5,9,40,16629, b6125d3f5f29f7395fee060a0a0bb04409818ad4,9,37,16716
 SupSuper/OpenXcom, 25-Jan-2010, 15-Mar-2017,86,7672,7, bcb0a0cd60f83576484977824c6522f4e3e8e86b,313,329,171655, 3d8a9b0ed655347f2e239f1773d8fcd6a62dddf5,210,219,76485
 SuperTux/supertux, 9-Apr-2003, 8-Aug-2016,162,8882,29, 0fb271c8711c141eb5b30314668c90d7d75fb7f1,747,734,334330, 3918a884872e4e92805cf1476bd59db5ebf41431,679,686,325973
 SuperTuxTeam/supertux, 9-Apr-2003, 8-Aug-2016,162,8882,29, 0fb271c8711c141eb5b30314668c90d7d75fb7f1,747,734,334330, 3918a884872e4e92805cf1476bd59db5ebf41431,679,686,325973
 TUM-I5/ASAGI, 3-Jan-2012, 11-Apr-2017,64,364,6, f633f96931ae00805f599078d5a1a6a830881554,81,286,37569, a0cd4e117c2b95035644cf6a3365d0cdfef5f784,76,239,26179
 TigerVNC/tigervnc, 20-Mar-2008, 17-Mar-2017,109,3826,25, 53f520567202928f908b5f94f6d143e7067a8bdd,3,234,60766, 0878eca6aa47106a24fee53ab3791c677fdfefbe,6,468,195114
 Vatsinator/Vatsinator, 5-Apr-2012, 30-Jul-2014,28,1444,3, f80c21059afb89e8baec154283d3e8f12c62db30,99,160,39407, b1b13d5f5738ae6876e571ad3d4c24d844c8af7b,60,64,13148
 VcDevel/Vc, 2-Apr-2009, 8-Jun-2017,99,6150,28, 9e6ec672ba8d9c085213291d95be009ed5838493,60,156,55238, 298f0440ab61c10b92ccfad709d15017ebd51066,27,77,21325
 WCSim/WCSim, 10-Jun-2010, 27-Apr-2017,83,823,11, 05950d9609f1519397991df89d88c03c2ee6235b,47,36,16554, 6bcfbafcf99436b5cfc426cb37eaf11d6265c67d,44,33,13623
 Z3Prover/z3, 2-Oct-2012, 6-Nov-2017,62,7839,9, 3350f32e1f2c01c9df63b7d71899796a18ce2272,764,857,543977, 44d4902bb4bd52c1c074d3189da078cd12ff64b6,704,743,476455
 Zeex/samp-plugin-jit, 23-Feb-2012, 14-Jan-2017,59,923,35, cc93e169de9c136ce0f8f02c4f721aa17569d630,45,58,65387, 38ab1abd4c8b0a4f0b101c13ffec71bc8939f29c,45,54,51539
 Zeex/samp-plugin-profiler, 19-Jul-2011, 15-Jan-2017,66,803,35, 48042dfd560b07cc727887cf15da1a5245d4b725,32,41,7128, f037c40e9706aa5e9d858d65eead648b6e725be9,21,32,4744
 actor-framework/actor-framework, 4-Mar-2011, 10-Jan-2017,71,4210,58, 9fb82f556760e1004e27fb4d303499b603a3fc19,193,271,68586, 7fb9fdb9eeeae6d5311d3aa5d12acabe3471212d,105,191,42689
 akrzemi1/Optional, 28-Nov-2012, 24-Mar-2017,52,127,0, 8456c3923776b33b4ae852734273fe934c3e4e61,2,1,2638, 0507870a7e537706e8005297f9eed82b60626518,2,1,2517
 alecthomas/entityx, 20-Sep-2012, 21-Feb-2017,53,351,9, de3fd13d72d82b507469a3ed8798d483df6bc5d1,28,12,12738, 59f62b5c0df10be433b9380777e4d5a649d03d95,24,5,1715
 alembic/alembic, 27-Jul-2010, 30-May-2017,83,1592,11, 048eb1201a37ed309909c1ac4e168968e1730b58,325,253,139031, 277684c561f6e6c1d6a3bfba4bdb6c83e5618978,211,194,94054
 apache/thrift, 16-May-2008, 27-Jun-2017,110,5186,13, 5b4c6bfc627ddbd56d1e98d4b818bec8cd8a5efd,173,212,133530, 11c3569720853d3339b82fc0231d54260ccf5fa8,156,198,117824
 aras-p/glsl-optimizer, 14-Feb-1998, 29-May-2017,234,66928,0, 21b98a985423eec771600d2db0fbf6d340106af9,103,61,88101, e06b8e7eaa830260a16f1b0938706fe0394b1c27,104,61,88269
 arx/ArxLibertatis, 15-Jan-2011, 1-Jul-2017,78,14876,10, c5c4e4668edb402fd55dfeeb462fe4ae3d85b1d1,286,319,162895, bb2893ca91989a9929b4e54ac9fdb092f7fe4dda,188,216,176566
 biometrics/openbr, 19-Dec-2012, 8-Jun-2017,54,3761,13, d0fcef6248cdca941ad29bf40adae7d5a27b158a,1053,506,221331, 927b7781d935f4953351e0436717bc3d124040a3,654,417,157634
 bolero-MURAKAMI/Sprout, 1-Sep-2011, 1-Jun-2017,70,1196,0, 59c5e7874c6b48b670fce5d42c5344f662f574c9,171,2629,199027, 93e22a984db9251e474b4df8ce41a076c7594669,165,2053,164688
 brezerk/q4wine, 15-Sep-2008, 29-May-2017,105,1342,26, edf81923f1f834c11876b4982e8548faacdbd2bf,62,58,31852, 828f8c4bbd9dc45e1f8d5ea70cf95a19a9715779,58,53,29619
 brndnmtthws/conky, 20-Jul-2005, 11-Feb-2017,140,3760,33, a58a6d4e081ca6ab241f20fcae80a6b6c31bf1c9,72,79,40531, 0e1f4526b425401a4ef882b5b1f104384e1f3c15,71,75,38151
 bro/bro, 27-Sep-2010, 27-Jun-2017,82,8352,28, b527a9870da02e053e08803083f271b6f5eb28c1,415,418,207551, 34ead91f992cbc40dcb81053343e2ef60a3aff61,268,334,175250
 bro/pysubnettree, 4-Nov-2010, 5-Jun-2017,80,183,16, 812f158ab98f3a46d50a0288fbd4d7692f9de651,2,2,6251, 00cc7fa9a53410cff1369501eb3d4ae28ca4bc9d,2,2,5851
 c42f/tinyformat, 27-Jul-2011, 2-May-2017,70,121,8, d563f7fbcdce8f72751d5455e44e995ed7ead949,2,1,1386, 3a33bbf65442432277eee079e83d3e8fac51730c,2,1,1381
 casadi/casadi, 1-Dec-2010, 25-May-2017,78,12743,60, 64b7712a548e929515ba68b271e60c42546742ef,214,349,166003, f023bea7221d67bc60f7211fbe8dc2bbdcb1b9da,215,219,93490
 cern-it-sdc-id/davix, 25-May-2012, 11-May-2017,60,1341,31, 32c5f3cf934500a570703c8f6bfc06ede10ed4b8,199,184,132926, c40724b841bd58fa81af8dbf5768005e09727dd0,232,183,187772
 chenshuo/muduo, 12-Mar-2010, 23-May-2017,87,760,53, 44879bf25ff60187dcaa938a637d6ec50fd8531d,206,93,32882, 8d8868e7a55cfa11c094a8efb9ee1884a9349d03,142,70,19267
 christopho/solarus, 27-Jul-2006, 3-Apr-2017,130,11198,56, cc30297016e6deb1fbcd0b49f07e6c2059645014,213,216,108976, 903d97ddca870ca89532118e7ec7590b8f1dec3d,175,186,77446
 cinemast/libjson-rpc-cpp, 30-Dec-2012, 29-May-2017,53,947,13, c2453c967b2059eeb77a387a0827c0cf87f816e0,61,50,9960, 546d7083118fea9531342becd030069804b39a43,10,21,7468
 clintbellanger/flare-engine, 3-Jun-2011, 14-Mar-2017,70,5645,7, 4fcdc4939a3544a5823b782dd90ae5b244a0eb10,109,108,51027, f2918d2ce7d8176c8a33445e8bb33dccab93f909,65,64,22310
 cmangos/mangos-classic, 13-Oct-2008, 1-Jul-2017,106,5622,1, 806a7883c5827925450f89e0d280f6c967357c50,571,643,521633, 343d5851ef8053d17c9d540f071744a86fd323d5,566,605,493507
 codelibre-net/schroot, 21-Jun-2005, 2-Jun-2017,145,2884,93, 039d559fc8ae83e9f383f00ea17e0b7f84051a44,73,59,29700, 74c8f8c2ae2d0939ae4d458c0c459f8fb7c2f8d0,96,76,34558
 coin-or/CppAD, 12-Jul-2005, 28-Jun-2017,145,3656,17, 40e2ccaaca4760f72dca0867aaaad97270186c5d,411,270,150408, 6b1bcfe2985623f04cdc0eca3130b12d9ad8db6e,333,229,111250
 colobot/colobot, 8-Mar-2012, 29-May-2017,63,2932,15, 92a8140b778675a769440dc206b11b8012734bff,294,355,211524, f67a62fb28c882b1650b827730bac72f404e2c47,155,152,160285
 commontk/CTK, 9-Mar-2010, 28-Jun-2017,88,5469,0, f96b5014aac1d76468f03a708446cd334a8aba84,976,722,252287, 2ace7a3a58f1fe00fa47494c73966afce2d81ea0,789,571,191394
 commontk/DCMTK, 2-Nov-1995, 21-Apr-2017,261,8986,0, d8ed091cda2b815226eafe41f5b4fe3bd22f8d5d,909,964,817486, ecf4c70f605b28b79e490dbd0fc7d0e203e5d5c8,495,545,459367
 cppformat/cppformat, 7-Dec-2012, 11-Mar-2017,51,2636,15, c03f55ec3a0511611fa7f0537f858544a0ed03bd,28,15,60249, 251e8774b010b0e21ac774bd3196aabcd2f3b2d2,5,2,4910
 cpputest/cpputest, 24-Jun-2007, 2-Feb-2017,117,3277,8, 16ee2828a7bbfff1f43c259e3e75655bc76e980f,140,79,38291, 126a87ac28ed6f175158803964212be727680625,113,78,24901
 csete/gqrx, 28-Oct-2010, 16-Mar-2017,77,1577,21, 4a66a03fcdd5ef1d929825d67793b0111c81e79a,58,69,33737, 4268098879c3f13a3f5646ad6f96cce22475965e,55,64,30825
 danmar/cppcheck, 7-May-2007, 16-Mar-2017,120,16968,57, 7c0aa4464c3d23fd499985fdc5fb4b24f54ff7bf,170,107,186546, dd9cb929bf0acdd897c3c48d957e5eb24df1e2d3,161,99,174688
 ddemidov/vexcl, 18-May-2012, 14-Mar-2017,58,1794,57, 9da8cb44da3cce1b3f1542fb4615069a208470ee,53,104,54125, 6cf94a715c054e9214c59b51fa3861fd7eca5f9d,9,20,13242
 dermesser/libsocket, 7-Feb-2012, 21-Mar-2017,62,551,11, 5bbe6858b61c58b20d1e28a35f3135fb707e1570,34,22,5380, 7052dd2803328b702c4b9b422b050a0af82f9be0,29,19,4331
 deskvox/deskvox, 17-Nov-2005, 1-Jun-2017,140,3172,2, 96e52235b5397d800f15971594327bdd3d7eacc0,146,207,107180, 9dc865c914b037299da11901c5a793cb6ff824d7,95,109,86309
 dorkster/flare-engine-next, 3-Jun-2011, 25-Jun-2017,73,6088,7, def388a7eecbfb2ac750e6b20507d5272d723dfc,112,112,65520, 5c74d8c8a954c2ea367c69a8efc8a60ce69ec892,73,73,26482
 dune-project/dune-common, 17-Mar-2003, 31-Mar-2017,170,10051,35, 45c3f0ac13fd5db5ece0b6bec9e50d7407d0d660,75,113,41956, 1dceeb491a6ea08d191da279441e4da2a41db55b,61,88,37506
 edubart/otclient, 8-Nov-2010, 13-May-2017,79,2584,9, 8c731ac016d95407eed6c2767945a97fbdd4fa83,151,179,65159, c01b32b03255989497ca5331de898804e6a39a1b,110,139,41163
 elemental/Elemental, 20-Mar-2010, 17-May-2017,87,3908,13, 351bc9460dcc58be62e9b42902e49640a97c0b0e,562,676,341979, f96177ebcc0ad2a6598579df0d9fcae1babe26f5,71,304,139019
 esa/pagmo, 4-Dec-2008, 11-May-2017,102,2653,3, 60d8566e2e771975fc84712fb46866007f9b3400,238,492,209761, ea8777a49c9e8e6bff2e7ae9b7a45d419f223490,172,436,132339
 etano/simpimc, 23-Jun-2011, 3-Jan-2017,67,549,3, 943fb6e3ec399b1f7b9ea075a447806f4522a6fd,2,48,7019, e5d32c6fbf52c18c3992ffff1409dfd132ad5eec,48,36,15914
 eteran/edb-debugger, 19-Jul-2011, 23-Jun-2017,72,2498,3, c656659b881cf8693b3584b923a128dc3597b8fa,149,197,68461, 76fe545b9390d41d2f5365cf785fcd455a67b5a5,148,194,67299
 euroelessar/jreen, 28-Sep-2010, 6-Jan-2017,76,389,12, c04c229d2ead96db1af31e55c81d6ab00fb65a7b,137,167,47585, 9cb0ae2f89024ec6261090da02a3f23ca4b392d3,137,167,47541
 freeorion/freeorion, 29-Apr-2003, 12-Jul-2017,172,15600,28, 611758cf90e990070cafe728c61b689d399dd5f7,248,226,209514, d6a00202da402c425dfeb64854288543ab820dfc,215,325,146309
 freundlich/fcppt, 13-Dec-2009, 2-Jul-2017,91,2597,30, 652b63c63e241376f535a470874adbcbd4e7f623,488,1430,139747, 6b8d0816c20b28ef52a568f6fb1f4f9f5e5078e2,263,920,82733
 freundlich/mizuiro, 12-Jun-2009, 6-May-2017,96,547,0, e1a77ff94cf11f5d2515424a923886cb62cb02dc,31,682,41057, 4f5fe1d02598404283d3783333cddda87dc7418e,22,372,24737
 gemrb/gemrb, 2-Oct-2003, 16-Jun-2017,166,16966,26, 90cda6b99ac13abe63e3929245b8f034eddeb9b3,214,241,173456, a186784bde3c0507abd9752f59f4e6f92d57bf4d,214,237,164790
 gflags/gflags, 18-Dec-2006, 2-Apr-2017,125,446,24, 4a694e87361d08eff5c4c9e9f551b1a0d41f7c40,17,3,8984, f7e89ba9ea82ed2a79413b7c323bca79ac26c747,13,3,8628
 gnuradio/gnuradio, 3-Aug-2006, 15-Mar-2017,129,12432,86, ac5109d25a9d94386429dd9e806268d29c8e2aac,732,1375,294372, fd52df0f706195d937e287189024f8aa6fbeaf60,564,902,178702
 google/glog, 3-Sep-2008, 7-Mar-2017,103,290,11, da816ea70645e463aa04f9564544939fa327d5a7,19,23,12962, 95cde7af2f115daa2881b329864c6d2e276671f5,19,23,12876
 highfidelity/hifi, 10-Aug-2012, 17-Mar-2017,56,61029,2285, e1a0984fed4be37a8582972587222a38ecebc7f7,789,822,344846, ad0b2f024b0c4c8c38236d8888e7cd585e995d83,45,159,86191
 hluk/CopyQ, 21-Oct-2009, 19-Mar-2017,90,3764,72, 652ea527c37902566da9bcb152af3d1753426d4e,138,157,69964, 313d9245bb907d61b8e1b8530246d9033302e97b,31,23,12896
 imageworks/OpenColorIO, 16-Jun-2010, 22-Jun-2017,85,815,39, 6b744f2b4543d16f77b3fe19ae05b67c56a13673,117,58,61547, b7d58e7fbd0dea7924c6c73ab4fec8739b7ef63d,113,65,61488
 jbeder/yaml-cpp, 25-Jun-2008, 7-Mar-2017,105,1186,14, 0fdb1b910c1a31db80b7521446166d06cad10813,145,110,188819, c335c8dd753c2b5f456a42e6dc33da16b7203713,42,68,27212
 jktjkt/trojita, 27-Feb-2006, 12-Jun-2017,137,6542,37, 58690b61d1ee66b49b4be2b9c6b1460fc8278fa7,233,258,100342, 964169993489856c7342a05369456fe9ede5478c,194,207,81335
 juj/MathGeoLib, 31-Aug-2011, 20-Jun-2017,70,1911,6, 07680b7cfcca72c3f852dd248eb26e4ca3e26530,70,69,64960, 662276c250314488cb2e76dbb65c32c6ed1684c3,30,51,34072
 koreader/crengine, 14-Mar-2007, 8-Jun-2017,124,4139,0, d0854294e0a9259d9c160b5fe9c91a123a63528b,281,628,352895,82509784f8e1fdbf9998f2806ace69babff9e15c,279,593,333073
 lalinsky/chromaprint, 24-Jul-2010, 4-Mar-2017,80,425,16, 22daf0e01ce46145d916112094997c3003c298c8,49,62,10295, 33307a55f21f3bebbcb901ae525d4f383b0a0181,56,53,10226
 lballabio/QuantLib, 20-Oct-2000, 29-Jun-2017,203,12189,22, e65dd7b6cbd54bc64f909259ab3311a8a5d006d6,1027,1444,498324, 606024a75b34e9f8c45de395653717136468f4bd,1011,1418,490281
 ledger/ledger, 29-Sep-2003, 26-Oct-2017,171,6508,28, bc8136fa6fbb74febee99735c8bd603b1f12ddef,76,63,51364, 63a14fd5e0aeb64a0508ddac71803acc926425c5,74,60,49788
 leethomason/tinyxml2, 28-Dec-2011, 6-Mar-2017,63,940,8, 395ea09f83cfa34d848cea25b8a64d7ae3858ada,3,1,6854, c510a8c76ed48177e08471403f92d78056a3af21,2,1,5285
 lemire/FastPFor, 26-Jun-2012, 21-Jun-2017,60,345,8, bae51c0f8f7c50c179e10a84d0a3e137bbc062d7,15,50,80711, bf307bdfca05bca3fe02eaab00cbf734aafa3c2e,14,40,62293
 libpinyin/libpinyin, 27-Jul-2010, 7-Mar-2017,80,1932,49, 2919d7d4b9facf175d4da33418dfbb9945f4bb15,63,54,40939, 230ee9362a2908e982ff7ff1766d070249cac5ca,48,29,24248
 libspatialindex/libspatialindex, 1-Aug-2007, 20-Apr-2017,118,465,3, 4768bf3e9ce5ab80c639a6017f5c1e9d093ea515,132,88,117018, 9a39ed4c01ce4f5f54e236d716f467a22aca6968,57,54,30943
 lightspark/lightspark, 23-Nov-2008, 7-Jan-2017,98,6185,45, 308241eb55c5379765033e60f28dfdd956c7abcd,197,290,165591, 18956fb0c94992f98f707af12b4b107ed4631d25,84,86,75014
 litehtml/litehtml, 1-May-2012, 7-Apr-2017,60,260,3, d7cc6abfe1141770718404aaf9b17db80ed3f196,41,68,19686, 13cf9e27bd0a08ab67eb969c7ddf8ed92aa07db8,41,68,19686
 loot/loot, 6-Nov-2012, 13-May-2017,54,3001,18, f1e4c4fe6a54688d6e83fb5043324bff8f9af4d0,13,54,7795, 030e828e251d61ecfdac41db102673471859a290,13,17,10204
 lotem/librime, 17-Mar-2011, 19-Feb-2017,72,1265,12, 7f41f6527ffedcfccc16f7e4b93a3048f33cf19e,600,517,467900, bb1f48a36a835bd31dd7cb64c4faf738c80cc75d,70,78,24870
 lxde/pcmanfm-qt, 19-Aug-2012, 17-Jan-2017,53,739,12, 1d38bbd24b4b51f52bbf8a7f1e9237f0ccd37766,15,14,7916, 62990ca3954c0ab70d44d4381830b1d2d961c393,8,7,1265
 marek629/SIR, 29-Mar-2011, 24-Mar-2017,72,820,15, 49668de22b1954a3f97283f0068736fe8c483eee,139,144,33078, 1d0333cc691c7b30020e64e4775811541edafb8c,47,49,16772
 martinrunge/muroa, 16-May-2005, 14-May-2017,146,631,0, d3a9d5078fac3f8baa48cd899ce7810c5cc0e4a3,305,325,115861, 3fdb0f8529e8e34df6778782c36e2a87d54bcf94,241,232,74431
 mattgodbolt/seasocks, 16-Dec-2010, 1-Jun-2017,78,464,21, bc32e790376cb58fccb13d8a6499e60d729c172c,41,42,18371, 636d1fd54b15abd8105f73be9f1590d8d7b3a564,31,37,17008
 mavam/libbf, 17-May-2011, 29-Jun-2017,74,122,1, b6189bf6204d662294c9796f5f0e268251b5cebc,12,20,4526, aafb2f1ab750b1a0d652aedea684123a1fbb0504,5,18,2745
 mempko/firestr, 31-Jul-2012, 17-Jun-2017,59,2002,0, 127c15179382ed9a032ffdda629750bb28f3aea0,74,109,48402, 727b20eb6c16a8ee5e438abd7cc8c4b2b28f26ad,39,44,20258
 meta-toolkit/meta, 22-May-2012, 13-Mar-2017,58,2635,23, bfdb91019ca1c3ad998b10b244cc053ae3483fb2,284,1143,359593, f8accc1b188fa7d2d2b6cc890abcf29bca61ffb6,164,997,317786
 mfontanini/libtins, 10-Aug-2011, 31-Jan-2017,66,1172,11, 7607610cf97bf2923ddd64bcb17a44128e036862,266,139,148234, fb97b2b8f0182b2139881e41621eea15114f82d8,233,123,135552
 mickem/nscp, 14-Feb-2005, 28-Jun-2017,150,2197,126, f7a2c746ac423095fc2d5105ff7ba98a2721b8bf,505,653,327337, 9fdde883b0ac8028232a6bd89466070861d0a8d3,404,601,227899
 mlpack/mlpack, 13-Mar-2007, 18-Mar-2017,121,17836,25, 36470e9f6d3bf8d2f5e9202675c46b528881e4c1,200,625,171477, cd12d5a188663151a0f6a5f1db07a7cb4a2f377a,72,145,43148
 mosra/corrade, 10-Jul-2010, 20-Jun-2017,84,2210,9, 29612cc341633fa26c4c74c55920cb21ed4dd0ed,98,62,31038, 402305e9e3f15dcb04e6f698e55f26d163f1fde5,34,33,7841
 ms705/firmament, 9-Aug-2011, 19-Jun-2017,71,2235,0, 091b99ba3a58aea5d0594e61291c10417bcdd234,107,120,38819, 3a84f6c01ce87d5045c0675bebb01c5e903b4cb3,105,114,33634
 msgpack/msgpack-c, 15-Feb-2009, 16-Mar-2017,98,2275,38, 99c4d37a399f5bb32234bfe2b18cbd826e8f77f6,91,1051,155659, dac5c60608212494b84e244f3fe55f5b2d6a8174,49,455,79189
 msoos/cryptominisat, 10-Aug-2009, 16-Jun-2017,95,10873,13, 71e49ac7de4d3c104defa24556f92fbb8dded517,162,126,113188, 82c91dbfc7f585e455da835c330017811ebc058f,111,86,86980
 muflihun/easyloggingpp, 22-Sep-2012, 12-Apr-2017,55,1990,115, 4d4cb42848d19ed8de97f8ba2b71317210ca9246,101,65,14426, 3bbd864c1fb06df23a75d64d9051060aadfeedcf,89,65,13306
 musescore/MuseScore, 24-May-2012, 8-Mar-2017,58,14022,7, b520dcaf3c88b06d2e418adbe187806c37a6aaf0,709,1007,657953, 3a836d7fd60ffbc608679d3d7f4a2851f87e2273,447,435,276601
 nickbruun/hayai, 7-Feb-2012, 5-May-2017,63,145,3, 6959ca187e845f7fef1f0aa4704cbe695a8e2e45,80,49,89592, c9d74ca1e78837c1d92a9dfa61138c60e286746a,7,9,2792
 nyanp/tiny-cnn, 17-Dec-2012, 15-Mar-2017,51,1053,6, b89239c024a6f4d6e79f9f4108c30d483120691b,19,251,145172, b0cd14e11bf9ede769bcdf0cfdafdc1414f317fa,10,39,10481
 open-source-parsers/jsoncpp, 15-Mar-2007, 9-Mar-2017,121,1210,45, 264c3edca7aa4a924f30a44690269dbd6ab6cada,6,13,10759, a3f19c23a0f17ce3fb444e2d11d188e681119367,6,13,8382
 openclonk/openclonk, 30-Sep-2011, 26-Jun-2017,69,11514,18, 3a2c68dcc98ba47ff38ffe9cc643ecf941efe7d3,278,275,243087, 416a65acde056d1612ae2ab65bbadd56c250a71f,230,227,208031
 opengm/opengm, 1-Jun-2012, 23-Jun-2017,61,2148,3, 3deaea58ba0cf9708c25cd03502e1cd9abec8875,31,6,37293, 9b059056ab99ed58072b5a092a23f2e4c4908386,0,1,13520
 openscenegraph/osg, 10-Jan-2001, 18-Mar-2017,197,25539,204, 2cefcc8bfc1cb5636633ca120f471cc37761be94,1783,474,547282, 28a9a235b6cecba439838d9dd92099ebfc0c2d3a,1571,414,504218
 opentrack/opentrack, 25-May-2010, 31-Dec-2013,43,4915,101, 4fa2108094cb137ec7b2a6b44a9c13b554b4c1f9,114,134,25296, e437f501a6b7a6a9ac90eec6d91ebf022aa09ff8,84,84,18150
 orocos-toolchain/typelib, 27-Oct-2004, 20-Jan-2017,148,1923,30, e220595fa4cce756ee2517d1536ec04dcd915baf,49,87,18648, 4092381fa7f8c03b053cb4b0bddca4c40932634a,56,51,16929
 osmcode/osmcoastline, 7-Mar-2012, 4-May-2017,62,274,7, 2211b9b25416ef44e22fc8505c1870bb49b54b22,10,11,3905, ca3a32c70b5194a5ef784aeae384e4f6af84b471,11,12,3885
 philsquared/Catch, 9-Nov-2010, 16-Oct-2017,84,2325,62, c9d9699ca8733fc4646a0df5a046eee54681eaf1,45,103,28995, a63ce953a0a8ecb8fc36d6a8e5ab007c68fa819d,43,102,27904
 pingus/pingus, 4-Feb-2000, 10-Feb-2017,207,5279,28, 06afdabb6b27c1314bb1d90a05d467697b72be58,561,435,309121, fa980e495a025fce16e10160927a55931ae3feb8,561,435,309105
 quassel/quassel, 17-May-2006, 5-Sep-2017,137,4678,64, 0260fbe00ddbd1ce78b1870f40fce969b8f34ee5,233,244,91812, 24d1ad4c5918abf2f728cb98d556faef446c2d57,209,210,77559
 rime/librime, 17-Mar-2011, 16-Oct-2017,80,1265,12, 707738900168336a75219ae5fc69fa08cc71a4b8,609,525,469484, 85b4901a444cc754e2de7a9c7d722457567897ca,75,74,26518
 ripple/rippled, 14-Oct-2011, 19-Sep-2017,72,11516,74, cd2d52acdcb4c58cbb5ca3f9a025a826c65f99aa,1509,1526,899882, d198b439fd9c3c4ff5d22969d4f445f79d5919ba,1512,1510,877720
 root-mirror/root, 16-May-2000, 18-Oct-2017,212,64947,326, e08b0c8495457c9affb2ff5cd8e169acbe905bd0,3644,5906,5018866,02ceaf84ff0a5e7c206d342632a7fd1b48b41423,2407,4860,3745425
 sakra/cotire, 11-Mar-2012, 16-Jun-2017,64,166,55, 516d78476f6dda336181fc5514f72774e1e0a8e2,3,2,73, 1c37a8651b5ef848fd3dc038052334f337b3a404,3,2,73
 samstyle/Xpeccy, 1-Mar-2011, 3-Oct-2017,80,705,0, e3948f819d10575a30970f28b2c324b84496454b,32,60,15816, 74ac092a259a36fe18193d6e6cb28e902c1ed672,29,26,10736
 saschazelzer/CppMicroServices, 28-Feb-2012, 1-Jun-2017,63,1121,6, 3b81b03f7e438f8600d33d319f03747fc8d74cf2,165,146,63581, 5693d645cc0c6147d2f59d533c423b40faa92499,45,54,14917
 scross99/locic, 1-Feb-2011, 28-May-2017,76,2854,6, b4a1f9e83eb875c8cc906967205ae7639aa63cf5,248,297,113910, 0bf12d7ebb6c80f38f81891ee9470c6dea19c05b,29,77,13838
 servo/rust-azure, 10-Apr-2012, 21-Sep-2017,66,691,14, 6bcf4f5632d54573dedbcd84782ec6e8b36573ae,101,205,96888, e39187d5efa7ba3ab6878667eaadb64f229f5c6b,101,205,96871
 shogun-toolbox/shogun, 5-Jun-2006, 23-Apr-2017,132,17369,47, e6f965d16e75c694e86c538ee853131da45632ec,1100,983,456958, 3085a0fa2e6993b0f37b67cef8173c2080ae3a4c,954,798,377745
 simbody/simbody, 26-Jul-2005, 1-Oct-2017,148,5019,20, c9aab73cd4463c106f46136449fd0f17a45a4e9e,405,479,421600, b01669bc8b0d1998315256ef3493f03e3ed5a84c,367,443,380250
 simongog/sdsl-lite, 11-Feb-2012, 4-Oct-2017,68,2026,9, e681b5fe6f03224c1019ecce8268b767a9c9ba2f,244,171,150799, cf5821b1aa2b3fd9ba19570f5e92ba15e3575db2,219,187,245143
 simsong/tcpflow, 1-Apr-2012, 4-Oct-2017,67,726,13, e5cee214ccf0fda4f2f0b7a604b8d0d0c61a90d8,51,66,27234, 21f1ad57ad238b46dba989b8deb0b45b45cd8cb0,51,57,27086
 stevenlovegrove/Pangolin, 19-Nov-2010, 12-Oct-2017,83,1601,3, 31fe1b416a6e4e833c272eb9a67a3333d755361a,103,161,54474, da62df163816e685d2fb3b91d913768d6b0ca58a,22,26,12086
 strasdat/Sophus, 6-Dec-2011, 14-Oct-2017,71,252,3, 3f84e42a7a796bb6c9a1f57f5708911459a49221,13,21,9100, 6e9c6f976f428a38abab187ef893512db3fbe17e,10,6,3569
 supercollider/sc3-plugins, 20-Nov-2006, 11-Aug-2017,130,1050,8, 5342a4ae8842c7361517001866e986c437f50648,301,403,269205, c164af363d6866b29697d54cf91858cc4769d176,386,343,259189
 supercollider/supercollider, 6-Sep-2002, 6-Sep-2017,182,23142,83, cca12ff02a774a9ea212e8883551d3565bb24a6f,597,4300,1211700, d74c81f9144f6f06ec79b40c87343f8a7a3890fe,610,3866,1123495
 supertuxkart/stk-code, 27-May-2007, 18-Oct-2017,126,19962,19, 1a9cf6a46f7ed1c152d8293f77bd929b4ec953bd,696,1050,564342, b1caec75a1d88b3797a73cdec121685fad7f1374,362,472,208537
 symengine/symengine, 10-Jul-2012, 4-Oct-2017,63,4862,3, 38781d745cab9bb45dd7358aa232031c8164eb44,157,86,93251, ecf1914df4a94fd0a56013238f5b6f5a7da4060f,17,27,11286
 syndicodefront/infekt, 25-Jan-2010, 3-Oct-2017,93,799,28, e9cb001894913d3694431c88c6461a895a64a7a9,60,54,24618, f0b561991b6a86ff16c79260da00930023d51fe1,47,45,21673
 syoyo/tinyobjloader, 19-Aug-2012, 16-Oct-2017,62,468,14, b434c2497fcb52aa1497b84aa8aeb12bb590492d,12,13,26203, b214cfb4b98be9464ff9f5a052a26fbbece52325,4,2,1297
 taglib/taglib, 17-Feb-2004, 30-Sep-2017,165,2503,20, cb9f07d9dcd791b63e622da43f7b232adaec0a9a,148,115,59117, 2d7414733eaa3263868c74abfa6cff38a8afe8d3,135,99,46448
 texus/TGUI, 5-May-2012, 12-Jun-2017,62,2025,26, 9e52329250317940daf636987b0985ada97f1de4,103,68,68465, 14b5bbd03cefb1ff03be64468c2b072c9af6942f,24,24,25833
 thesamet/rpcz, 25-Nov-2011, 25-Mar-2017,64,230,0, f01f97d09bb4fd1253903bc2db3e3e9b7ebc4260,25,24,13956, 0aa3f0227e795b840e989fc4abb0152e996e4df6,25,24,13065
 thestk/rtaudio, 6-Dec-2007, 9-Jun-2017,115,298,26, e880888795c07fea44a5e6c7570bf09677527f37,13,12,20719, 3a3d648108cdaa53d1199aa3c15a4b8878693f65,13,12,20631
 thewtex/tmux-mem-cpu-load, 9-Sep-2009, 22-Apr-2017,92,270,15, 75b9ea756e60aadf335fd5514b38e4fe4cfcab6e,17,10,3897, c40ab82bfaf4671ff8ba42aa7e3816833dc871b4,3,1,2104
 tpaviot/oce, 10-Mar-2011, 11-Aug-2017,78,1971,36, 41cc5b9007769de58fd7323a3c1ba729f2c0dc44,165,135,1841066, 5ef3473d401ff12fa1588d8f4bb89c2d3a68080e,154,148,1960617
 tstack/lnav, 13-Sep-2009, 18-Oct-2017,98,1283,13, d9c42cdc29ecd899cb68a958d3672abf466ea5c5,113,123,119764, 708490e3b05ce5ca23ae0079ace5eda23741943a,85,83,40899
 tudelft-gist/val3dity, 21-Jun-2011, 16-Oct-2017,76,947,6, 657589d04c5b51d1fdee73ebbb8c25905064018b,8,32,22965, a492c0886d7823ccfa55a4fb4bff6b6c5a50d9e7,9,8,4082
 tudelft3d/val3dity, 21-Jun-2011, 16-Oct-2017,76,947,6, 657589d04c5b51d1fdee73ebbb8c25905064018b,10,32,24853, a492c0886d7823ccfa55a4fb4bff6b6c5a50d9e7,11,8,5970
 tumi8/vermont, 20-Mar-2005, 15-Jun-2017,148,1993,1, b70d4f2e6d56315db3a56f42d1dbcc1c584a33e5,182,217,58290, c2f170a89ae9dd909b6d38cef52a5c565f1c7ffa,178,214,56547
 ukoethe/vigra, 5-Sep-2000, 28-Jun-2017,204,5505,33, fb427440da8c42f96e14ebb60f7f22bdf0b7b1b2,27,5,82716, 5237e35507373218c38a7a57a131f0680f3e8a44,27,3,58575
 user-none/Sigil, 2-Aug-2009, 16-Oct-2017,99,4003,33, 18670a2ef9562b5ca1d3e0fb65e1fe9a1cb8e2ba,181,264,149470, 4d2586791f67e5042b81862483dedf35ae22474c,619,2739,806006
 vinipsmaker/tufao, 3-Oct-2011, 7-Aug-2016,59,823,56, 0832f657926b580877f9d707d9d766d35885e07d,100,98,35535, 09cbe4e23e793684bd382e56c11ac9cdae5611d0,103,121,34746
 vle-forge/vle, 31-Oct-2006, 11-Oct-2017,133,2515,56, 16a7d21646e4a7a176b23fac921b1a5863f23359,153,134,123198, c570afd193aaaa648a0173a92007451495116366,155,149,81148
 vogel/kadu, 9-Jul-2002, 17-May-2017,180,19516,135, 1ac3dfa68c2cc0b59588c3ae942ce33d74249d06,1279,1365,240894, 15d15da1bc420f22eb8a3cc2486a3184a20a7e6b,834,914,201638
 wdas/ptex, 23-Oct-2009, 13-Feb-2017,89,397,18, 59eac370e52af48a3f4dab77a60f91523c3e70ac,16,17,19240, 3492a71feb967d2844805eb3228cb72af5bc451b,16,17,19234
 wesnoth/wesnoth, 15-Sep-2003, 18-Oct-2017,171,76807,277, 9e58caa5ff608e845c21048d61fff3856d913a22,596,656,347539, 050fbf73706c1dbe6c86c3c784e7ef91984ecd00,495,542,285048
 worldforge/libwfut, 27-Nov-2005, 4-Aug-2017,142,145,4, 7e003179283a3a2643199cff9c5b9242b9d13f08,20,14,13586, c885c0d4ea51b8347893390b33e631d9dd8a288d,20,14,13586
 xoreos/xoreos, 26-Mar-2010, 22-Jul-2017,89,5961,8, a1bea660ce5cc74fa19a9d13afd85acdb2b56de0,670,605,401247, 494d9ea9c4c187dd21664e33c8a521bad62e5a05,408,465,228373
 xournalpp/xournalpp, 4-Jan-2011, 14-Oct-2017,82,996,3, 62312496092f5f717246f87d2ca85a739f609adb,213,222,61445, 38d235d457e8f25ec9e759421d078586c4fe7553,213,222,61474
 xrootd/xrootd, 7-May-2004, 18-Oct-2017,163,8807,335, a26c586cf9dd002d7655e834df5365daa083c5da,495,544,319364, 945f0dbcacbaaa938acb922aa71ecb6cb6976bf2,410,427,239549
 zeromq/libzmq, 29-Jul-2009, 18-Oct-2017,100,6058,4, cfef04035c7eb9b1c2a64d785d1881bc80977478,212,140,67501, 9d9592f8307dc18c41a5878fe366a105884a8bf4,212,140,67501
 zeromq/zeromq4-1, 29-Jul-2009, 23-Sep-2017,99,3925,7, a3f98304da9024f2d0ac4e838a646c231ddff5ee,160,113,48822, 384f8522aa22ff595802ef1c0d8da11ccd81b862,137,100,38077
 zeux/pugixml, 6-Nov-2006, 24-Sep-2017,132,1486,11, a569e6a737714d33fe30284abcc2f1af1f856127,69,7,31492, f53bddd7d5c79c35145ab506e48b18c457026543,69,7,31492
 arangodb/arangodb, 26-Oct-2011, 13-Jul-2017,69,48827,355, 4e068d49b73c88350dcf37afcfe7c51c73a7e835,14505,16112,6579396,e0e003d0601882ed9cb1a730dddbff787c144043,1194,1430,1703969
 codership/mysql-wsrep, 31-Jul-2000, 31-May-2012,144,148627,1104, c70c68b76772a2f96723fb3c6332b7f1a6e11a4a,1175,1412,1699563,454661d78ee57078c9664c6441e15ed2c3b8db21,1127,1383,1617427
 facebook/mysql-5.6, 31-Jul-2000, 28-Mar-2012,141,112567,125, 037c4910b360633160d97cc002c60576dea85393,1219,1481,1781708,45f59a05cc6bcf72aa9322f5802cee6a6f98c211,1185,1432,1705255
 hpcc-systems/HPCC-Platform, 11-Jul-2011, 16-Mar-2017,69,19834,373, f2e903ffa48a4468f3718d516e240bd288719708,1077,1018,1138133,a2eb7f9cb93700e77e38cbd31ed47af187229b5b,966,912,989062
 falkTX/los, 11-Sep-2012, 22-Mar-2017,55,160,0, 6ad4052cfd0a552f387bb05028b51d9c6dde9610,190,198,122516,3d4b10e3fc4e435c6df0505a4bf58902fa78d227,241,243,152047
 mangosthree/server, 26-Mar-2009, 3-Jul-2017,100,8194,9, 3014c5b370139db835dba70e860841e322b17849,742,382,563602,a4fe021054f1ae4779d4a1d44c2954871b72333b,1356,1444,1014776
 percona/percona-server, 31-Jul-2000, 28-Jun-2012,145,134440,943, 57c5564bb53bb9c46068b08846969383685ea60a,2033,2442,2465876,1ceebf693b6f6a0a9917d17fefe272cbc8b0e088,824,1070,1061287
 stuntrally/stuntrally, 19-Mar-2011, 25-Jul-2017,77,5694,18, 83e0d0abc341a4dd8e2a8da5df19afc8c5bd49a9,225,211,117402,b272ca782feffbe41e5d43d8ddb56688e397455e,301,369,187354
 tesseract-ocr/tesseract, 6-Mar-2007, 13-Oct-2017,129,2623,21, fb359fc981f048328bee206fbcf69f2218ae1ee0,283,283,211385,38f3db8ca52ea6a4f3697fc15c9acb827be758b8,281,296,211658
 triAGENS/ArangoDB, 26-Oct-2011, 13-Mar-2017,65,48951,347, 9b22174c66d1c805c0c6baac4397ca9933ee0c18,14500,16108,6541529,39fd596abcd878e918435d10928e79e1f3ef2359,1165,1647,1701502
 vcmi/vcmi, 28-May-2007, 1-Nov-2016,114,7134,38, 8b5cbf6ba7ca3b5dcedd619c5267433b6734f1eb,215,238,163178,2848fb6fef18ea869eb0584627747475f200f309,138,158,121092
 cmangos/mangos-wotlk, 26-Mar-2009, 4-Jul-2017,100,8737,12, 73cb0915ecfdd2694a0b7aa4bd9ba56e975638db,855,696,691648,5c72a7f8302399a9c041acacf377c08d89d77a8e,861,672,681078
 SINTEF-Geometry/GoTools, 19-Jun-2009, 2-Nov-2017,101,1306,1, fe9c60cda04c18494eefbd03635a893ddf85ab07,886,510,539707,3fbcf74fa625ac71fa85860ecd6909d8f1c2831b,732,467,402044