Project, commit1, commit2, RATS_Runtime_1, RATS_Runtime_2, Flawfinder_Runtime_1, Flawfinder_Runtime_2, Cppcheck_Runtime_1, Cppcheck_Runtime_2, Clang_Runtime_1, Clang_Runtime_2, PVS_studio_Runtime_1, PVS_studio_Runtime_2,  Parasoft_run_time1, Parasoft_run_time2
ALPSCore/ALPSCore, 7969b6a9174f8ea6f07c4b35966d4769607112a8 , d9b0adf670321d3a2dc232eb75ef766d5fcf030c ,720,665,2923,4088,39925,6244,48204,25660,1015277,20058,4368673,40933
Andersbakken/rtags, 005e5569366b519850f0ae5b78f618f4d67d8785 , b5bb19291a8e3331d2f5ee0c1a77fc5922e21607 ,816,1209,1933,2574,735089,635765,4918,807,6143,2748,33698,33009
BenHanson/lexertl, 3215fe45c1c49298abd59f9f215ddd05792f50b0 , 3e4d2381c3acf712a6130f96ae4fc29217548c97 ,98,96,676,598,31766,17632,24797,24933,22107,22016,2,2
Bertram25/ValyriaTear, 97fceb85691e90dd8788221bdb8b9132c24c6148 , 99cc26a8c76d05d9bdc82fe9213e5fd39050d218 ,2669,1410,6853,3377,11750,15289,34763,41636,14390,950540,3,8
ChaiScript/ChaiScript, 064a385a645c89c8b958b754f0d5e8399b9b6df9 , e4f4b64cc8a8c0f8a78365b92bce2f3fea9a918a ,505,423,1288,792,28063,323,26071,49079,41611,66149,339501,70402
DGtal-team/DGtal, 06bf04a64ace2cf4fceb8aae2a66ca27897848a2 , 1f1b116dc03f2fd68a7cc665d7c0b6fdb1ad37ef ,2341,1105,6232,3222,46248,6341,45372,42620,940754,935639,1615153,324970
Deltafire/Milkytracker, 56bf091a0e8c5242e160d37f2974f3e1e2525821 , dda125b03eabc7371965030edd62c3201fe79f2b ,2310,2478,9961,11161,212248,154648,25440,26244,100158,100514,286822,249402
Eyescale/Collage, f320324f091b81c3ec5a26ed16ffc5c0fb49da29 , 919ca72b1d74171c1759d3c46b427f0f7c6732d9 ,956,976,1661,1782,11143,11129,41816,56746,14194,182391,42004,65519
FreeCAD/FreeCAD_sf_master, e3d55841065cc22b32eda7ff53a648698c748562 , 0ec1c40d255bee91c0a745457a4528b612f1fe10 ,13664,14310,25462,23091,773610,609357,70228,52282,72293,49584,96949,70148
GarageGames/Torque3D, 8684cd1a65084e52f76131d74520c2fa9e1904a1 , cd686a23b3b39c18552c933f76bc6587fc5ce2f3 ,19048,21419,40218,42896,515738,536129,174,163,22622,19753,32697,33902
GollyGang/ready, f8bb1b0bc6a0b892e6909412de126a2f1d8f5e3a , 6800b29d331505a8c94897a1565760dcc50c62ca ,423,604,1000,1738,8968,14900,30428,26187,156812,37006,116580,71723
H-uru/Plasma, 76f136261c9bc88b3cb6e9e70e63f54e64bcd416 , d382da0fe7823fe8c61949365c757a5bddd8182b ,8310,7322,16828,18820,173709,178333,14988,13747,20340,20859,42883,40399
InsightSoftwareConsortium/ITK, 07cb23f9866768b5f4ee48ebec8766b6e19efc69 , 35e3315e0248df1fa93ba4b0c90f4a49162d8abe ,46074,62522,78835,98882,507046,1103317,2220894,1479671,149942,140475,853954,594733
Itseez/opencv, c1007c7276e889f5f284702515a60b6799df9cd7 , fd31234122a73e5585bccd9ca83cb2401967113f ,17182,11858,34307,20935,542738,250908,348995,90001,0,0,406849,171706
KDAB/GammaRay, 3d5cdd5353645676a23aafd9b8b1917694da3d87 , c9e4c20d9615e817eb1f3faaa6971a0fdc665c4e ,3960,1134,7248,2261,18232,4743,79147,41504,940765,157954,1530370,373164
Kazade/kazmath, 3b2de632783d5f566217094034a2a3366bf6efe6 , e25d39df2f289a3d06fc3e2318cf61bdedf23b71 ,723,864,1724,1275,108761,106431,31533,24745,13778,13095,98819,67413
KhronosGroup/OpenCOLLADA, 5c548d2fc16ef35aa275eb207c111e27332f8b56 , 428019272e7af8608b9c3e05f9ae1c30187b5325 ,8540,8451,29363,29765,736232,712303,51721,48519,2896848,2420245,1524626,800914
KiCAD/kicad-source-mirror, 2300697f0297ac64dd2ec3b38882bc670fbaef01 , 474128a4452a9868e3e906fde219d665a795a530 ,14373,14517,54969,31753,448544,40248,73173,25472,6665349,15200,811417,631341
Kitware/CMake, 14f0378e103fd24915712cb94c98265ad18c8736 , 81cdab5beaffc7665550710b84006a0a7ce76cfa ,32723,11780,43673,17787,963874,488840,780273,657771,931192,532395,3840870,2271862
Kitware/VTK, e1d409a6895180117cb9574c4d0ca3d53e27d7e7 , b0ff5a4ce706dd2a39acdaa8132dab3f4ca99219 ,63154,66683,120626,120447,1162716,997975,920310,847744,17353559,0,336257,326778
KitwareMedical/TubeTK, 4950ed986022d5248561dacdee7c2b043c9e80ac , 357f8c8a053dfc5c1b06607d53d6b43d5d8b35d6 ,5405,2370,7020,3285,11038,27836,42578,31221,2635,2602,54195,42553
LaurentGomila/SFML, 756cb09bc3caf7b543c495f9c40d3a48bdf31428 , 2de690f02db4114ff41142c152ed94a944aee265 ,2535,1524,4123,4265,4636,2273,34800,35615,70573,65285,203531,162156
LiberatorUSA/GUCEF, 408b884adfb4ff62a5b7ec30798d704b91836d25 , 6f8c0d256bb7bf729c9ab3c0806d3ffca1831287 ,67872,29091,158650,46139,806753,238440,48346,43789,2694548,1548828,115020,92962
ManaPlus/ManaPlus, 4541175c81e5de39a3118729b7f5997d251b3d35 , c01aec243610016c2cd5e4211fee484627bc69ea ,14525,10050,18807,13961,66893,110816,45390,42291,784638,490774,2504077,1072644
Mudlet/Mudlet, 7a2ba8e0e41e1eae27ebae9faaedcc2b5747bf93 , 9cfbadc3ead1b303dd140e5734a64033bef778cc ,2157,3298,3845,4970,49886,43429,24584,25459,250184,121749,152119,92080
MyGUI/mygui, d079917c3b8f448c3c4d06eb593272799a93d124 , 027f13b57a03ec258b50ba066e4b73deebd25f0d ,7619,6739,10691,9286,141064,23055,77073,41802,924597,752076,2424795,1082465
OPM/opm-simulators, 930f0ea9a09f0b3ea54fbf0b605c7da3a471ecad , bf18ee7fb9a544c1134c931e1b77f08c79a24ce8 ,1109,1022,2497,2378,4026,4047,163575,151919,541399,354805,135138,111620
OPM/opm-material, ff4f092a7ff03f16e128df1c6f1c8f6d1b6dbe8c , eaf85622abbeb4934d222c021c5170ea4bd8a885 ,5056,3927,5152,4858,6964,4331,93827,92392,70285,64980,186025,94704
OpenImageIO/oiio, 777dc35b8ac1f18941bbc440da0cbe5e7b56669d , cb5a00eb21c9dc7e7aa36111c74988c07e555480 ,4798,3716,7062,5440,59757,45062,49136,41596,538795,415870,195644,250823
PCSX2/pcsx2, ec7781f1f9d59e5db181aae07e48e94945ed1565 , 9e1717fee542ee1641a6e719bafc403437475d2c ,21324,21470,40458,33864,1706781,840472,65904,46979,2912357,30278,3779530,1479890
PixarAnimationStudios/OpenSubdiv, a00df9344c19e328c3d52270face2a4bc596550b , cbb02fd3ce32c11251f02d678eddc0a8d178583b ,2819,3530,5232,4546,45728,36220,56019,55697,128690,97190,147490,112037
Project-OSRM/osrm-backend, af65ccd054f64d162bf44375a534ecf45a7b59aa , 0df81c49d5bedc106c2ce980d49cdf9386ea9a84 ,5205,1492,7810,2966,8022,113253,54899,66394,1686913,768289,1452366,134981
RainerKuemmerle/g2o, deafc01ee8315b9405351fb145238c5d62f82dc7 , 8dec86fc74050a2d77c3fad0a010aa5c3a6a1010 ,6110,4617,6074,5283,33745,26592,4,44563,523431,516408,2374655,432270
Reactive-Extensions/RxCpp, c808bb5b4536e35f25611db3c38fd9cda4a62c36 , 0b3e8b7b47a11d03cf66ce8de57bf1da9108ce3b ,8311,7726,8882,8180,10034,8879,36615,33690,634295,468013,1473241,1021873
ReadyTalk/avian, dee99d6dd60b743a870d1a2c58183649c8a6449c , 4bacddb20ab0ecd099e3c2f3e010a69f978a9aff ,4587,3595,5240,5060,44305,41585,24936,25880,25761,24971,136355,97495
Ryochan7/antimicro, 81693777b4a51136fce097ea259a95466315c71f , 198f8896e987cd6f6b7fa08c1f3803eebff2037e ,2462,2104,3091,2733,49390,29150,38918,36976,200198,158742,573180,473687
SINTEF-Geometry/GoTools, fe9c60cda04c18494eefbd03635a893ddf85ab07 , 82831d8f253b143e16d55b9fd266d3169e21c6da ,10874,10235,20136,19254,113619,111302,54526,38011,1449341,23065,7106702,3606074
SOCI/soci, e719c44bb89949d3c179a6390de57ccd9046878b , 1e4b3654814edec463c2a71f3d7ae009320749a7 ,3323,3556,4209,3933,5031,4840,50368,37391,229833,185311,0,0
STEllAR-GROUP/hpx, 694ae57b429fcfe67fc04059b2504398e0457a73 , 3a14ec85644e3798eeb3dfe11be1ddcdda45d407 ,12171,10932,18357,13059,42046,22520,295693,126882,1221614,1221642,1202554,117050
SafirSDK/safir_sdk_core, 88c98c69f4fd4727e96e2610acb9b057683ee67a , 8a789efdc8ffb97fa7a79ed286027a34d4039e63 ,34162,33634,34594,33730,50115,43983,72487,68705,0,0,138689,131510
SimTk/openmm, feb79f770145bb12c99bbe058e29d077a381465d , c77af6e9bc8e1419f3bba7bd9ef4b213a1d22d44 ,8383,6551,13922,11035,42304,50066,72059,46495,2198992,587465,68782,413500
Slicer/SlicerExecutionModel, 1d3e9a226bd594f23733993c16c337ba60077bc5 , b6125d3f5f29f7395fee060a0a0bb04409818ad4 ,1250,1063,1824,1391,2678,3902,24597,24731,7370,7932,34457,33911
SupSuper/OpenXcom, bcb0a0cd60f83576484977824c6522f4e3e8e86b , 3d8a9b0ed655347f2e239f1773d8fcd6a62dddf5 ,4718,2305,7201,3507,110263,16119,32344,32587,12549,289404,37321,191774
SuperTuxTeam/supertux, 0fb271c8711c141eb5b30314668c90d7d75fb7f1 , 3918a884872e4e92805cf1476bd59db5ebf41431 ,24460,20495,27260,23920,328863,320533,41854,45181,26602,551098,40756,411692
TUM-I5/ASAGI, f633f96931ae00805f599078d5a1a6a830881554 , a0cd4e117c2b95035644cf6a3365d0cdfef5f784 ,4201,3872,5143,4541,5512,5266,36440,29965,27418,30833,143691,59830
TigerVNC/tigervnc, 53f520567202928f908b5f94f6d143e7067a8bdd , 0878eca6aa47106a24fee53ab3791c677fdfefbe ,4301,4638,5523,8020,10331,58302,46876,99957,65399,128551,180154,183629
Vatsinator/Vatsinator, f80c21059afb89e8baec154283d3e8f12c62db30 , b1b13d5f5738ae6876e571ad3d4c24d844c8af7b ,2321,1203,3224,1610,3472,2189,34871,31070,241164,151473,601005,206982
VcDevel/Vc, 9e6ec672ba8d9c085213291d95be009ed5838493 , 298f0440ab61c10b92ccfad709d15017ebd51066 ,1466,870,3156,1812,244746,3695,198173,91699,757855,209764,2230691,542736
WCSim/WCSim, 05950d9609f1519397991df89d88c03c2ee6235b , 6bcfbafcf99436b5cfc426cb37eaf11d6265c67d ,856,836,1694,1663,3125,2704,25639,24852,83137,66926,99131,47902
Z3Prover/z3, 3350f32e1f2c01c9df63b7d71899796a18ce2272 , 44d4902bb4bd52c1c074d3189da078cd12ff64b6 ,9027,9275,15447,14400,67563,2960014,53309,143,1318483,10883,3524322,566517
Zeex/samp-plugin-jit, cc93e169de9c136ce0f8f02c4f721aa17569d630 , 38ab1abd4c8b0a4f0b101c13ffec71bc8939f29c ,1036,755,2008,1378,4042,69015,34297,31308,11079,48791,42123,90584
Zeex/samp-plugin-profiler, 48042dfd560b07cc727887cf15da1a5245d4b725 , f037c40e9706aa5e9d858d65eead648b6e725be9 ,529,349,826,520,2182,1394,33028,32376,21873,41348,167213,90638
actor-framework/actor-framework, 9fb82f556760e1004e27fb4d303499b603a3fc19 , 7fb9fdb9eeeae6d5311d3aa5d12acabe3471212d ,2751,1923,4272,3292,7016,5566,39384,33188,470848,158155,1451822,104763
akrzemi1/Optional, 8456c3923776b33b4ae852734273fe934c3e4e61 , 0507870a7e537706e8005297f9eed82b60626518 ,232,61,2079,485,660,1266,24671,25010,8427,8642,42392,42132
alecthomas/entityx, de3fd13d72d82b507469a3ed8798d483df6bc5d1 , 59f62b5c0df10be433b9380777e4d5a649d03d95 ,348,181,844,369,957,712,27407,58113,21898,55833,193398,78908
alembic/alembic, 048eb1201a37ed309909c1ac4e168968e1730b58 , 277684c561f6e6c1d6a3bfba4bdb6c83e5618978 ,3673,2897,6998,4087,14020,8477,37998,31618,317316,15625,759800,423086
apache/thrift, 5b4c6bfc627ddbd56d1e98d4b818bec8cd8a5efd , 11c3569720853d3339b82fc0231d54260ccf5fa8 ,14731,12963,16597,14380,28429,24317,80548,82097,416417,417860,399296,307597
aras-p/glsl-optimizer, 21b98a985423eec771600d2db0fbf6d340106af9 , e06b8e7eaa830260a16f1b0938706fe0394b1c27 ,6118,6304,7261,7067,85238,84991,26451,25262,82066,77377,173519,159333
arx/ArxLibertatis, c5c4e4668edb402fd55dfeeb462fe4ae3d85b1d1 , bb2893ca91989a9929b4e54ac9fdb092f7fe4dda ,3832,2398,5898,4615,17166,23745,219024,146617,61582,301284,346450,249489
biometrics/openbr, d0fcef6248cdca941ad29bf40adae7d5a27b158a , 927b7781d935f4953351e0436717bc3d124040a3 ,17906,10655,20286,13041,64160,32869,43793,38717,753574,109058,1657886,119826
bolero-MURAKAMI/Sprout, 59c5e7874c6b48b670fce5d42c5344f662f574c9 , 93e22a984db9251e474b4df8ce41a076c7594669 ,13386,11237,17268,14463,21532,18887,30855,31073,477522,424691,76449,427502
brezerk/q4wine, edf81923f1f834c11876b4982e8548faacdbd2bf , 828f8c4bbd9dc45e1f8d5ea70cf95a19a9715779 ,4993,4531,5162,5398,10411,9630,29951,30943,117306,102152,590654,537096
brndnmtthws/conky, a58a6d4e081ca6ab241f20fcae80a6b6c31bf1c9 , 0e1f4526b425401a4ef882b5b1f104384e1f3c15 ,1331,1358,2531,2573,98529,90698,61365,26225,185691,10256,54291,40777
bro/bro, b527a9870da02e053e08803083f271b6f5eb28c1 , 34ead91f992cbc40dcb81053343e2ef60a3aff61 ,47838,27240,53463,32231,436946,368369,159501,39275,481349,35111,2658307,296369
bro/pysubnettree, 812f158ab98f3a46d50a0288fbd4d7692f9de651 , 00cc7fa9a53410cff1369501eb3d4ae28ca4bc9d ,550,318,999,859,1050,972,24726,26731,8747,8243,39167,36861
c42f/tinyformat, d563f7fbcdce8f72751d5455e44e995ed7ead949 , 3a33bbf65442432277eee079e83d3e8fac51730c ,85,63,315,289,3558,3555,24785,137,7661,475,37936,29047
casadi/casadi, 64b7712a548e929515ba68b271e60c42546742ef , f023bea7221d67bc60f7211fbe8dc2bbdcb1b9da ,6645,6902,10154,9262,907886,593471,52085,37583,288930,17588,725215,106724
cern-it-sdc-id/davix, 32c5f3cf934500a570703c8f6bfc06ede10ed4b8 , c40724b841bd58fa81af8dbf5768005e09727dd0 ,6881,7086,8998,8800,40209,55091,97443,90210,130211,81953,392216,138112
chenshuo/muduo, 44879bf25ff60187dcaa938a637d6ec50fd8531d , 8d8868e7a55cfa11c094a8efb9ee1884a9349d03 ,2815,2413,3574,2566,4768,3119,40166,26471,437275,243578,458620,169654
christopho/solarus, cc30297016e6deb1fbcd0b49f07e6c2059645014 , 903d97ddca870ca89532118e7ec7590b8f1dec3d ,5921,11697,7195,12333,9451,12500,77641,32191,327401,147069,1121828,361392
cinemast/libjson-rpc-cpp, c2453c967b2059eeb77a387a0827c0cf87f816e0 , 546d7083118fea9531342becd030069804b39a43 ,1044,365,1431,553,1992,5982,34219,25154,11274,7582,43664,37105
clintbellanger/flare-engine, 4fcdc4939a3544a5823b782dd90ae5b244a0eb10 , f2918d2ce7d8176c8a33445e8bb33dccab93f909 ,2497,645,3520,1087,21268,7071,32898,31734,138134,56958,302657,124908
cmangos/mangos-classic, 806a7883c5827925450f89e0d280f6c967357c50 , 343d5851ef8053d17c9d540f071744a86fd323d5 ,19980,20437,25912,25511,135065,3165295,36032,32427,23130,2454777,44709,5400166
codelibre-net/schroot, 039d559fc8ae83e9f383f00ea17e0b7f84051a44 , 74c8f8c2ae2d0939ae4d458c0c459f8fb7c2f8d0 ,477,619,1482,1823,1550,1891,137062,136838,266450,311677,554640,607479
coin-or/CppAD, 40e2ccaaca4760f72dca0867aaaad97270186c5d , 6b1bcfe2985623f04cdc0eca3130b12d9ad8db6e ,1259,976,4225,3603,6119,4429,85780,59246,35682,926601,52242,48122
colobot/colobot, 92a8140b778675a769440dc206b11b8012734bff , f67a62fb28c882b1650b827730bac72f404e2c47 ,1070,733,4503,3042,14775,43190,34361,15074,458909,9004,1019751,83528
commontk/CTK, f96b5014aac1d76468f03a708446cd334a8aba84 , 2ace7a3a58f1fe00fa47494c73966afce2d81ea0 ,3733,3274,6777,5651,20488,15381,66351,53728,42376,34491,137994,252805
commontk/DCMTK, d8ed091cda2b815226eafe41f5b4fe3bd22f8d5d , ecf4c70f605b28b79e490dbd0fc7d0e203e5d5c8 ,5091,3526,16728,11158,155741,140446,477253,366009,2837178,1273127,8026748,3661677
cppformat/cppformat, c03f55ec3a0511611fa7f0537f858544a0ed03bd , 251e8774b010b0e21ac774bd3196aabcd2f3b2d2 ,975,466,1470,651,380674,1435,56230,26367,73777,24696,195740,48938
cpputest/cpputest, 16ee2828a7bbfff1f43c259e3e75655bc76e980f , 126a87ac28ed6f175158803964212be727680625 ,1221,897,2977,3782,2971,1733,89076,73444,82174,73664,223099,60313
csete/gqrx, 4a66a03fcdd5ef1d929825d67793b0111c81e79a , 4268098879c3f13a3f5646ad6f96cce22475965e ,346,370,1206,1116,3782,3121,27891,26806,152733,153376,478403,424122
danmar/cppcheck, 7c0aa4464c3d23fd499985fdc5fb4b24f54ff7bf , dd9cb929bf0acdd897c3c48d957e5eb24df1e2d3 ,1277,1060,5465,5114,82707,69440,29555,29881,90501,83415,286522,263260
ddemidov/vexcl, 9da8cb44da3cce1b3f1542fb4615069a208470ee , 6cf94a715c054e9214c59b51fa3861fd7eca5f9d ,533,239,1655,652,2316,590,46179,36517,394969,42858,1366641,66891
dermesser/libsocket, 5bbe6858b61c58b20d1e28a35f3135fb707e1570 , 7052dd2803328b702c4b9b422b050a0af82f9be0 ,278,233,941,769,1057,891,26225,26176,18211,15650,71423,58849
deskvox/deskvox, 96e52235b5397d800f15971594327bdd3d7eacc0 , 9dc865c914b037299da11901c5a793cb6ff824d7 ,953,709,2832,1802,1785407,182225,56191,41920,211690,94617,48692,42091
dorkster/flare-engine-next, def388a7eecbfb2ac750e6b20507d5272d723dfc , 5c74d8c8a954c2ea367c69a8efc8a60ce69ec892 ,646,221,2337,783,24250,6836,32037,31466,142277,60956,286571,125194
dune-project/dune-common, 45c3f0ac13fd5db5ece0b6bec9e50d7407d0d660 , 1dceeb491a6ea08d191da279441e4da2a41db55b ,358,435,870,893,3147,2097,160609,205076,131230,133757,108945,108552
edubart/otclient, 8c731ac016d95407eed6c2767945a97fbdd4fa83 , c01b32b03255989497ca5331de898804e6a39a1b ,1705,1043,2574,1950,19333,8117,35825,26662,568048,368200,99436,58433
elemental/Elemental, 351bc9460dcc58be62e9b42902e49640a97c0b0e , f96177ebcc0ad2a6598579df0d9fcae1babe26f5 ,2896,1248,7458,3346,67274,3774,267436,156498,2458798,43644,4158177,362691
esa/pagmo, 60d8566e2e771975fc84712fb46866007f9b3400 , ea8777a49c9e8e6bff2e7ae9b7a45d419f223490 ,2362,1519,5429,4026,128976,65425,46419,41449,1218706,691246,266556,564787
etano/simpimc, 943fb6e3ec399b1f7b9ea075a447806f4522a6fd , e5d32c6fbf52c18c3992ffff1409dfd132ad5eec ,246,248,714,774,3054,42017,25453,24158,8138,46700,34051,43292
eteran/edb-debugger, c656659b881cf8693b3584b923a128dc3597b8fa , 76fe545b9390d41d2f5365cf785fcd455a67b5a5 ,752,713,2238,2023,7888,7944,33790,32645,307268,299637,1073489,1039486
euroelessar/jreen, c04c229d2ead96db1af31e55c81d6ab00fb65a7b , 9cb0ae2f89024ec6261090da02a3f23ca4b392d3 ,1499,1305,2237,2359,39811,40684,27709,27566,183386,108527,426527,178486
freeorion/freeorion, 611758cf90e990070cafe728c61b689d399dd5f7 , d6a00202da402c425dfeb64854288543ab820dfc ,5223,3864,11889,5713,1126329,2584664,37365,32654,2276775,23083,4597212,209872
freundlich/fcppt, 652b63c63e241376f535a470874adbcbd4e7f623 , 6b8d0816c20b28ef52a568f6fb1f4f9f5e5078e2 ,3135,1782,4642,3148,2604,1513,58815,94263,4165295,464931,3400784,431534
freundlich/mizuiro, e1a77ff94cf11f5d2515424a923886cb62cb02dc , 4f5fe1d02598404283d3783333cddda87dc7418e ,1029,508,1916,1069,848,396,37060,28432,47617,68145,173299,61603
gemrb/gemrb, 90cda6b99ac13abe63e3929245b8f034eddeb9b3 , a186784bde3c0507abd9752f59f4e6f92d57bf4d ,8106,8859,7381,7432,103196,76950,121630,116053,229800,203780,598215,391069
gflags/gflags, 4a694e87361d08eff5c4c9e9f551b1a0d41f7c40 , f7e89ba9ea82ed2a79413b7c323bca79ac26c747 ,608,360,859,691,2837,2795,43169,50835,14035,12173,56284,48231
gnuradio/gnuradio, ac5109d25a9d94386429dd9e806268d29c8e2aac , fd52df0f706195d937e287189024f8aa6fbeaf60 ,8283,8118,11601,9015,35156,16038,43158,230306,1772662,1783863,40497,161197
google/glog, da816ea70645e463aa04f9564544939fa327d5a7 , 95cde7af2f115daa2881b329864c6d2e276671f5 ,712,660,2336,2410,2749,2646,145203,139429,0,0,106413,111626
highfidelity/hifi, e1a0984fed4be37a8582972587222a38ecebc7f7 , ad0b2f024b0c4c8c38236d8888e7cd585e995d83 ,12695,5363,18608,5701,167091,36809,96047,33357,3859259,76501,1951550,110619
hluk/CopyQ, 652ea527c37902566da9bcb152af3d1753426d4e , 313d9245bb907d61b8e1b8530246d9033302e97b ,3138,1746,4298,2063,12209,3231,85614,40273,279888,40301,774069,103442
imageworks/OpenColorIO, 6b744f2b4543d16f77b3fe19ae05b67c56a13673 , b7d58e7fbd0dea7924c6c73ab4fec8739b7ef63d ,1215,1198,2003,1988,15514,13599,35514,29264,188582,158092,694163,668815
jbeder/yaml-cpp, 0fdb1b910c1a31db80b7521446166d06cad10813 , c335c8dd753c2b5f456a42e6dc33da16b7203713 ,863,215,3157,796,64549,3659,36486,30561,179820,56964,283277,152204
jktjkt/trojita, 58690b61d1ee66b49b4be2b9c6b1460fc8278fa7 , 964169993489856c7342a05369456fe9ede5478c ,1161,1209,2950,2681,20757,23362,41974,32642,425729,279812,1992385,1179776
juj/MathGeoLib, 07680b7cfcca72c3f852dd248eb26e4ca3e26530 , 662276c250314488cb2e76dbb65c32c6ed1684c3 ,888,396,2092,1067,381690,8885,28529,27173,39165,25134,127815,53822
koreader/crengine, d0854294e0a9259d9c160b5fe9c91a123a63528b , 82509784f8e1fdbf9998f2806ace69babff9e15c ,0,10396,14666,11701,2276218,1597044,33983,33498,66358,59754,282265,189196
lalinsky/chromaprint, 22daf0e01ce46145d916112094997c3003c298c8 , 33307a55f21f3bebbcb901ae525d4f383b0a0181 ,1035,348,928,796,4121,1973,43749,30319,26335,36893,92912,90612
lballabio/QuantLib, e65dd7b6cbd54bc64f909259ab3311a8a5d006d6 , 606024a75b34e9f8c45de395653717136468f4bd ,12370,5979,20377,19834,77323,65290,50131,49502,3270638,0,8674982,10610039
ledger/ledger, bc8136fa6fbb74febee99735c8bd603b1f12ddef , 63a14fd5e0aeb64a0508ddac71803acc926425c5 ,1147,2101,1623,1599,363457,440863,68585,47868,0,0,1126026,197422
leethomason/tinyxml2, 395ea09f83cfa34d848cea25b8a64d7ae3858ada , c510a8c76ed48177e08471403f92d78056a3af21 ,147,127,817,466,3451,1858,26667,25953,7263,7434,42888,42523
lemire/FastPFor, bae51c0f8f7c50c179e10a84d0a3e137bbc062d7 , bf307bdfca05bca3fe02eaab00cbf734aafa3c2e ,180,901,1683,1310,11973,103930,35972,26270,52670,41871,138076,91030
libpinyin/libpinyin, 2919d7d4b9facf175d4da33418dfbb9945f4bb15 , 230ee9362a2908e982ff7ff1766d070249cac5ca ,5169,1367,2303,2247,7642,2417,60442,58622,31224,4961947,52247,62809
libspatialindex/libspatialindex, 4768bf3e9ce5ab80c639a6017f5c1e9d093ea515 , 9a39ed4c01ce4f5f54e236d716f467a22aca6968 ,2679,903,3394,2030,23863,3907,43444,34939,63275,51970,290170,231170
lightspark/lightspark, 308241eb55c5379765033e60f28dfdd956c7abcd , 18956fb0c94992f98f707af12b4b107ed4631d25 ,3214,1199,4497,2636,97437,31057,28577,28104,694740,278202,1344713,201487
litehtml/litehtml, d7cc6abfe1141770718404aaf9b17db80ed3f196 , 13cf9e27bd0a08ab67eb969c7ddf8ed92aa07db8 ,847,655,1739,1852,41569,37002,25585,25552,645168,649837,182358,130825
loot/loot, f1e4c4fe6a54688d6e83fb5043324bff8f9af4d0 , 030e828e251d61ecfdac41db102673471859a290 ,345,161,720,466,399,2549,35677,26509,42894,7519,1200357,396210
lotem/librime, 7f41f6527ffedcfccc16f7e4b93a3048f33cf19e , bb1f48a36a835bd31dd7cb64c4faf738c80cc75d ,3681,336,9188,1055,125320,988,36315,34198,429158,234272,770840,87135
lxde/pcmanfm-qt, 1d38bbd24b4b51f52bbf8a7f1e9237f0ccd37766 , 62990ca3954c0ab70d44d4381830b1d2d961c393 ,416,463,457,580,1114,199,41231,32134,46309,11088,190471,46123
marek629/SIR, 49668de22b1954a3f97283f0068736fe8c483eee , 1d0333cc691c7b30020e64e4775811541edafb8c ,800,665,1729,1224,3181,2788,26181,31105,198259,67679,118932,168539
martinrunge/muroa, d3a9d5078fac3f8baa48cd899ce7810c5cc0e4a3 , 3fdb0f8529e8e34df6778782c36e2a87d54bcf94 ,5265,2368,4313,3201,13524,8664,44363,43728,403078,392445,97151,72240
mattgodbolt/seasocks, bc32e790376cb58fccb13d8a6499e60d729c172c , 636d1fd54b15abd8105f73be9f1590d8d7b3a564 ,225,165,594,539,17629,13895,38983,48427,47602,41773,164690,136632
mavam/libbf, b6189bf6204d662294c9796f5f0e268251b5cebc , aafb2f1ab750b1a0d652aedea684123a1fbb0504 ,137,146,421,416,798,161,23678,23275,17946,6762,73800,37795
mempko/firestr, 127c15179382ed9a032ffdda629750bb28f3aea0 , 727b20eb6c16a8ee5e438abd7cc8c4b2b28f26ad ,511,183,1697,805,8312,49731,34827,31614,276895,160121,55180,65105
meta-toolkit/meta, bfdb91019ca1c3ad998b10b244cc053ae3483fb2 , f8accc1b188fa7d2d2b6cc890abcf29bca61ffb6 ,4025,3027,10592,8362,6732,4312,65063,60904,557489,181876,5234125,2593753
mfontanini/libtins, 7607610cf97bf2923ddd64bcb17a44128e036862 , fb97b2b8f0182b2139881e41621eea15114f82d8 ,1929,1498,3206,3138,25479,26188,62795,38157,272880,209072,376194,196815
mickem/nscp, f7a2c746ac423095fc2d5105ff7ba98a2721b8bf , 9fdde883b0ac8028232a6bd89466070861d0a8d3 ,6825,5867,10439,7800,110086,94781,45796,36137,1052233,411021,233482,71956
mlpack/mlpack, 36470e9f6d3bf8d2f5e9202675c46b528881e4c1 , cd12d5a188663151a0f6a5f1db07a7cb4a2f377a ,2632,1085,5215,2171,12174,2958,54198,32572,1560150,588458,4087765,250824
mosra/corrade, 29612cc341633fa26c4c74c55920cb21ed4dd0ed , 402305e9e3f15dcb04e6f698e55f26d163f1fde5 ,780,388,1568,802,4086,1778,23978,33102,25670,18029,105798,58639
ms705/firmament, 091b99ba3a58aea5d0594e61291c10417bcdd234 , 3a84f6c01ce87d5045c0675bebb01c5e903b4cb3 ,648,836,1495,1272,2471,2448,40178,38982,257210,265859,483570,84257
msgpack/msgpack-c, 99c4d37a399f5bb32234bfe2b18cbd826e8f77f6 , dac5c60608212494b84e244f3fe55f5b2d6a8174 ,4881,3593,7530,4716,6718,4674,41638,33379,279830,45793,103824,147906
msoos/cryptominisat, 71e49ac7de4d3c104defa24556f92fbb8dded517 , 82c91dbfc7f585e455da835c330017811ebc058f ,2585,2340,2830,2836,243814,129889,71388,33432,82667,42482,333071,63098
muflihun/easyloggingpp, 4d4cb42848d19ed8de97f8ba2b71317210ca9246 , 3bbd864c1fb06df23a75d64d9051060aadfeedcf ,610,576,1011,894,2926,3032,15321,13768,4907,3813,33741,33723
musescore/MuseScore, b520dcaf3c88b06d2e418adbe187806c37a6aaf0 , 3a836d7fd60ffbc608679d3d7f4a2851f87e2273 ,10383,5548,20162,7573,1234935,273411,43025,44611,413206,223481,67137,1545650
nickbruun/hayai, 6959ca187e845f7fef1f0aa4704cbe695a8e2e45 , c9d74ca1e78837c1d92a9dfa61138c60e286746a ,1010,301,1902,447,20650,374,27207,25050,13502,9299,59772,41110
nyanp/tiny-cnn, b89239c024a6f4d6e79f9f4108c30d483120691b , b0cd14e11bf9ede769bcdf0cfdafdc1414f317fa ,1629,367,3933,946,6590,544,42447,24688,9902,16962,42309,84136
open-source-parsers/jsoncpp, 264c3edca7aa4a924f30a44690269dbd6ab6cada , a3f19c23a0f17ce3fb444e2d11d188e681119367 ,1033,1177,1758,1372,6900,3313,35877,25260,13206,11464,69249,59787
openclonk/openclonk, 3a2c68dcc98ba47ff38ffe9cc643ecf941efe7d3 , 416a65acde056d1612ae2ab65bbadd56c250a71f ,15849,11849,15399,10956,49936,92116,123259,83316,1275885,1702916,978679,678274
opengm/opengm, 3deaea58ba0cf9708c25cd03502e1cd9abec8875 , 9b059056ab99ed58072b5a092a23f2e4c4908386 ,1942,857,2283,950,36340,11781,68334,64495,175455,132502,706636,116534
openscenegraph/osg, 2cefcc8bfc1cb5636633ca120f471cc37761be94 , 28a9a235b6cecba439838d9dd92099ebfc0c2d3a ,8721,8182,16674,15410,120870,90547,84014,78826,4664775,3582770,9640585,8090159
opentrack/opentrack, 4fa2108094cb137ec7b2a6b44a9c13b554b4c1f9 , e437f501a6b7a6a9ac90eec6d91ebf022aa09ff8 ,1753,977,3535,2356,18105,3307,38573,32779,74056,116073,93202,299957
orocos-toolchain/typelib, e220595fa4cce756ee2517d1536ec04dcd915baf , 4092381fa7f8c03b053cb4b0bddca4c40932634a ,624,464,1280,1066,2388,2860,38625,28046,111576,86084,269381,163274
osmcode/osmcoastline, 2211b9b25416ef44e22fc8505c1870bb49b54b22 , ca3a32c70b5194a5ef784aeae384e4f6af84b471 ,199,174,929,888,620,721,35053,35460,28343,26594,129665,66069
philsquared/Catch, c9d9699ca8733fc4646a0df5a046eee54681eaf1 , a63ce953a0a8ecb8fc36d6a8e5ab007c68fa819d ,439,393,1315,1024,723,663,25872,25784,46516,44434,152738,164156
pingus/pingus, 06afdabb6b27c1314bb1d90a05d467697b72be58 , fa980e495a025fce16e10160927a55931ae3feb8 ,22938,20085,22362,19024,80325,83345,34450,35422,356282,352586,1306614,1150081
quassel/quassel, 0260fbe00ddbd1ce78b1870f40fce969b8f34ee5 , 24d1ad4c5918abf2f728cb98d556faef446c2d57 ,4230,2253,5646,3515,39594,25305,35934,39002,441829,263393,2464348,1660995
rime/librime, 707738900168336a75219ae5fc69fa08cc71a4b8 , 85b4901a444cc754e2de7a9c7d722457567897ca ,5462,510,10836,1257,143987,1482,34173,33688,389166,209382,840959,90419
ripple/rippled, cd2d52acdcb4c58cbb5ca3f9a025a826c65f99aa , d198b439fd9c3c4ff5d22969d4f445f79d5919ba ,14744,14180,32724,31337,454758,235246,14416,14064,4113850,3642480,3099241,1679091
root-mirror/root, e08b0c8495457c9affb2ff5cd8e169acbe905bd0 , 02ceaf84ff0a5e7c206d342632a7fd1b48b41423 ,68620,62507,135436,117356,0,0,746593,386846,5618372,124628,2,158874
sakra/cotire, 516d78476f6dda336181fc5514f72774e1e0a8e2 , 1c37a8651b5ef848fd3dc038052334f337b3a404 ,223,161,418,381,382,375,25268,24365,6500,6773,0,0
samstyle/Xpeccy, e3948f819d10575a30970f28b2c324b84496454b , 74ac092a259a36fe18193d6e6cb28e902c1ed672 ,1016,511,2447,1109,28284,22042,51460,45880,95378,37246,722567,233747
saschazelzer/CppMicroServices, 3b81b03f7e438f8600d33d319f03747fc8d74cf2 , 5693d645cc0c6147d2f59d533c423b40faa92499 ,2174,429,4083,853,47021,2131,79144,34114,122783,33533,345165,87761
scross99/locic, b4a1f9e83eb875c8cc906967205ae7639aa63cf5 , 0bf12d7ebb6c80f38f81891ee9470c6dea19c05b ,6090,718,6007,947,10262,1435,42950,25704,188981,11877,369004,83907
servo/rust-azure, 6bcf4f5632d54573dedbcd84782ec6e8b36573ae , e39187d5efa7ba3ab6878667eaadb64f229f5c6b ,735,859,2286,2277,20317,20467,25959,24917,31168,31993,0,0
shogun-toolbox/shogun, e6f965d16e75c694e86c538ee853131da45632ec , 3085a0fa2e6993b0f37b67cef8173c2080ae3a4c ,27019,28200,28756,31515,43664,43077,131128,180129,1266016,1023474,8127624,6611738
simbody/simbody, c9aab73cd4463c106f46136449fd0f17a45a4e9e , b01669bc8b0d1998315256ef3493f03e3ed5a84c ,3972,3355,13893,12254,267770,253051,62964,49692,2508004,1850994,6826959,5427304
simongog/sdsl-lite, e681b5fe6f03224c1019ecce8268b767a9c9ba2f , cf5821b1aa2b3fd9ba19570f5e92ba15e3575db2 ,3250,3226,5435,6948,25876,47501,87948,33626,198714,37524,283292,91171
simsong/tcpflow, e5cee214ccf0fda4f2f0b7a604b8d0d0c61a90d8 , 21f1ad57ad238b46dba989b8deb0b45b45cd8cb0 ,2319,1878,3321,2906,14760,13599,129487,125003,28185,29684,79658,77445
stevenlovegrove/Pangolin, 31fe1b416a6e4e833c272eb9a67a3333d755361a , da62df163816e685d2fb3b91d913768d6b0ca58a ,1405,497,2524,853,5282,4331,46356,35468,185312,128099,126706,98494
strasdat/Sophus, 3f84e42a7a796bb6c9a1f57f5708911459a49221 , 6e9c6f976f428a38abab187ef893512db3fbe17e ,177,87,530,233,717,821,24604,24905,32761,25373,1304377,61549
supercollider/sc3-plugins, 5342a4ae8842c7361517001866e986c437f50648 , c164af363d6866b29697d54cf91858cc4769d176 ,6405,8049,11840,12470,1005728,976350,56100,29923,675005,172882,1716104,557415
supercollider/supercollider, cca12ff02a774a9ea212e8883551d3565bb24a6f , d74c81f9144f6f06ec79b40c87343f8a7a3890fe ,24173,25658,44952,44576,717958,689793,75986,122830,30779,1178491,54965,1582199
supertuxkart/stk-code, 1a9cf6a46f7ed1c152d8293f77bd929b4ec953bd , b1caec75a1d88b3797a73cdec121685fad7f1374 ,12864,6666,20298,9581,697198,49702,50975,30873,19822,578950,85772,545979
symengine/symengine, 38781d745cab9bb45dd7358aa232031c8164eb44 , ecf1914df4a94fd0a56013238f5b6f5a7da4060f ,3503,2587,4710,2566,28390,11663,40045,24705,113704,27293,1513262,62523
syndicodefront/infekt, e9cb001894913d3694431c88c6461a895a64a7a9 , f0b561991b6a86ff16c79260da00930023d51fe1 ,893,736,1383,1108,7375,7739,34561,25186,24550,14630,96694,56691
syoyo/tinyobjloader, b434c2497fcb52aa1497b84aa8aeb12bb590492d , b214cfb4b98be9464ff9f5a052a26fbbece52325 ,492,131,1326,500,27730,369,24623,24122,7367,8488,42624,44231
taglib/taglib, cb9f07d9dcd791b63e622da43f7b232adaec0a9a , 2d7414733eaa3263868c74abfa6cff38a8afe8d3 ,2632,2595,4071,3433,10705,8816,48726,27077,215259,177192,546126,467473
texus/TGUI, 9e52329250317940daf636987b0985ada97f1de4 , 14b5bbd03cefb1ff03be64468c2b072c9af6942f ,1009,507,2795,831,15646,2982,25667,24548,74097,30679,258420,46900
thesamet/rpcz, f01f97d09bb4fd1253903bc2db3e3e9b7ebc4260 , 0aa3f0227e795b840e989fc4abb0152e996e4df6 ,631,507,968,862,995,3121,32195,31789,44122,42746,80826,69996
thestk/rtaudio, e880888795c07fea44a5e6c7570bf09677527f37 , 3a3d648108cdaa53d1199aa3c15a4b8878693f65 ,402,501,1022,1061,3787,4259,34792,33821,13950,14381,53893,50297
thewtex/tmux-mem-cpu-load, 75b9ea756e60aadf335fd5514b38e4fe4cfcab6e , c40ab82bfaf4671ff8ba42aa7e3816833dc871b4 ,1087,807,1319,892,1148,953,29190,25245,13834,12770,52297,41956
tpaviot/oce, 41cc5b9007769de58fd7323a3c1ba729f2c0dc44 , 5ef3473d401ff12fa1588d8f4bb89c2d3a68080e ,166610,139469,171231,152878,282896,306801,471250,389213,314465,321756,0,0
tstack/lnav, d9c42cdc29ecd899cb68a958d3672abf466ea5c5 , 708490e3b05ce5ca23ae0079ace5eda23741943a ,2542,1965,4098,3638,18041,7512,26223,26127,8163,8065,84719,40274
tudelft-gist/val3dity, 657589d04c5b51d1fdee73ebbb8c25905064018b , a492c0886d7823ccfa55a4fb4bff6b6c5a50d9e7 ,860,487,1608,1095,12013,1245,27360,27145,63854,54352,229243,68454
tudelft3d/val3dity, 657589d04c5b51d1fdee73ebbb8c25905064018b , a492c0886d7823ccfa55a4fb4bff6b6c5a50d9e7 ,1213,772,2076,1413,12114,1714,25589,26357,57294,55448,177905,65656
tumi8/vermont, b70d4f2e6d56315db3a56f42d1dbcc1c584a33e5 , c2f170a89ae9dd909b6d38cef52a5c565f1c7ffa ,4744,4191,6254,5488,14216,12789,34687,34696,202640,197319,640935,424697
ukoethe/vigra, fb427440da8c42f96e14ebb60f7f22bdf0b7b1b2 , 5237e35507373218c38a7a57a131f0680f3e8a44 ,11300,10220,10974,11693,203210,160078,62881,35264,616237,600311,1226340,280176
user-none/Sigil, 18670a2ef9562b5ca1d3e0fb65e1fe9a1cb8e2ba , 4d2586791f67e5042b81862483dedf35ae22474c ,10798,16423,13910,33059,105997,126660,63789,45765,1028891,1019453,4132357,419601
vinipsmaker/tufao, 0832f657926b580877f9d707d9d766d35885e07d , 09cbe4e23e793684bd382e56c11ac9cdae5611d0 ,1453,1520,2356,2294,61627,61336,25810,30110,39033,38705,105000,85114
vle-forge/vle, 16a7d21646e4a7a176b23fac921b1a5863f23359 , c570afd193aaaa648a0173a92007451495116366 ,4607,3590,5919,4783,19089,6639,40212,40570,601545,595332,1218411,2786633
wdas/ptex, 59eac370e52af48a3f4dab77a60f91523c3e70ac , 3492a71feb967d2844805eb3228cb72af5bc451b ,297,251,918,793,18116,18297,33797,33193,24316,23949,140690,100273
wesnoth/wesnoth, 9e58caa5ff608e845c21048d61fff3856d913a22 , 050fbf73706c1dbe6c86c3c784e7ef91984ecd00,81534,89488,69477,68710,1099123,2003745,210364,111055,2438727,2395075,5536183,1247914
worldforge/libwfut, 7e003179283a3a2643199cff9c5b9242b9d13f08 , c885c0d4ea51b8347893390b33e631d9dd8a288d,635,462,1223,1063,4434,4374,25400,24770,17202,16242,59147,48116
xoreos/xoreos, a1bea660ce5cc74fa19a9d13afd85acdb2b56de0 , 494d9ea9c4c187dd21664e33c8a521bad62e5a05,6611,4603,14219,10623,39100,30274,123050,48820,1523917,1522043,1388789,1262838
xournalpp/xournalpp, 62312496092f5f717246f87d2ca85a739f609adb , 38d235d457e8f25ec9e759421d078586c4fe7553,3560,2564,4068,3797,16321,14798,52101,51741,906190,902972,1575787,1042596
xrootd/xrootd, a26c586cf9dd002d7655e834df5365daa083c5da , 945f0dbcacbaaa938acb922aa71ecb6cb6976bf2,6439,4998,8780,6575,28326,21775,59800,48816,309221,294532,1122598,0
zeromq/libzmq, cfef04035c7eb9b1c2a64d785d1881bc80977478 , 9d9592f8307dc18c41a5878fe366a105884a8bf4,3514,1644,5282,2604,62109,41781,105987,70273,210932,211454,538775,229016
zeromq/zeromq4-1, a3f98304da9024f2d0ac4e838a646c231ddff5ee , 384f8522aa22ff595802ef1c0d8da11ccd81b862,682,739,2024,2046,39585,39904,76446,69167,155221,156541,354076,219611
zeux/pugixml, a569e6a737714d33fe30284abcc2f1af1f856127 , f53bddd7d5c79c35145ab506e48b18c457026543,274,286,874,818,59286,59086,24500,25119,8149,8145,44009,40814
arangodb/arangodb, 4e068d49b73c88350dcf37afcfe7c51c73a7e835 , e0e003d0601882ed9cb1a730dddbff787c144043 ,41056,0,283198,62061,0,715346,566479,32847,6581816,75219,2,41202
facebook/mysql-5.6, 037c4910b360633160d97cc002c60576dea85393 , 45f59a05cc6bcf72aa9322f5802cee6a6f98c211 ,65095,58658,100469,86848,24717849,14006969,631114,734820,255876,951832,164115,2515690
hpcc-systems/HPCC-Platform, f2e903ffa48a4468f3718d516e240bd288719708 , a2eb7f9cb93700e77e38cbd31ed47af187229b5b ,66668,68150,110765,104145,68150,6569436,98121,67720,2326453,998754,183350,151557
falkTX/los, 6ad4052cfd0a552f387bb05028b51d9c6dde9610 , 3d4b10e3fc4e435c6df0505a4bf58902fa78d227 ,4605,5200,6367,68404678,6569436,235677,117273,144371,504001,116267,352274,641865
mangosthree/server, 3014c5b370139db835dba70e860841e322b17849 , a4fe021054f1ae4779d4a1d44c2954871b72333b ,7234,18525,14878,33577,2058485,6343695,36827,35665,21070,109547,50504,584286
percona/percona-server, 57c5564bb53bb9c46068b08846969383685ea60a , 1ceebf693b6f6a0a9917d17fefe272cbc8b0e088 ,97722,49217,137392,0,49624224,6511321,49262,591519,52316,468731,77920,444422
stuntrally/stuntrally, 83e0d0abc341a4dd8e2a8da5df19afc8c5bd49a9 , b272ca782feffbe41e5d43d8ddb56688e397455e ,9609,5236,10322,7438,12348950,9285166,47611,44551,1412363,13325,187253,90971
tesseract-ocr/tesseract, fb359fc981f048328bee206fbcf69f2218ae1ee0 , 38f3db8ca52ea6a4f3697fc15c9acb827be758b8 ,2594,2531,7206,7065,135022886,0,80765,87092,599955,546764,1011056,2826081
triAGENS/ArangoDB, 9b22174c66d1c805c0c6baac4397ca9933ee0c18 , 39fd596abcd878e918435d10928e79e1f3ef2359 ,84725,0,452700,76830,0,750562,571521,33694,0,0,7454667,60361
vcmi/vcmi, 8b5cbf6ba7ca3b5dcedd619c5267433b6734f1eb , 2848fb6fef18ea869eb0584627747475f200f309 ,3293,2087,6762,4602,19934782,13247624,37027,37223,14772,13244,40991,603651
cmangos/mangos-wotlk, 73cb0915ecfdd2694a0b7aa4bd9ba56e975638db , 5c72a7f8302399a9c041acacf377c08d89d77a8e ,18772,17876,25274,27246,76256,4472678,35393,36049,28387,4682842,38737,3311960
spring/pr-downloader,7762cedb9d2fb6e0bcdf224d8627d61af4f13d8d,2242e6b6fb451b771c5042bdf38390f968f4eeeb,4839,3129,9304,3790,18284,48701,0,0,0,0,241541,145326